CREATE DATABASE  IF NOT EXISTS `accounting` /*!40100 DEFAULT CHARACTER SET utf8mb4 COLLATE utf8mb4_0900_ai_ci */ /*!80016 DEFAULT ENCRYPTION='N' */;
USE `accounting`;
-- MySQL dump 10.13  Distrib 8.0.36, for Win64 (x86_64)
--
-- Host: 127.0.0.1    Database: accounting
-- ------------------------------------------------------
-- Server version	8.0.36

/*!40101 SET @OLD_CHARACTER_SET_CLIENT=@@CHARACTER_SET_CLIENT */;
/*!40101 SET @OLD_CHARACTER_SET_RESULTS=@@CHARACTER_SET_RESULTS */;
/*!40101 SET @OLD_COLLATION_CONNECTION=@@COLLATION_CONNECTION */;
/*!50503 SET NAMES utf8 */;
/*!40103 SET @OLD_TIME_ZONE=@@TIME_ZONE */;
/*!40103 SET TIME_ZONE='+00:00' */;
/*!40014 SET @OLD_UNIQUE_CHECKS=@@UNIQUE_CHECKS, UNIQUE_CHECKS=0 */;
/*!40014 SET @OLD_FOREIGN_KEY_CHECKS=@@FOREIGN_KEY_CHECKS, FOREIGN_KEY_CHECKS=0 */;
/*!40101 SET @OLD_SQL_MODE=@@SQL_MODE, SQL_MODE='NO_AUTO_VALUE_ON_ZERO' */;
/*!40111 SET @OLD_SQL_NOTES=@@SQL_NOTES, SQL_NOTES=0 */;

--
-- Table structure for table `tbl_firms`
--

DROP TABLE IF EXISTS `tbl_firms`;
/*!40101 SET @saved_cs_client     = @@character_set_client */;
/*!50503 SET character_set_client = utf8mb4 */;
CREATE TABLE `tbl_firms` (
  `firm_id` int NOT NULL AUTO_INCREMENT,
  `firm_name` varchar(255) NOT NULL,
  `firm_email` varchar(45) DEFAULT NULL,
  `firm_gstno` varchar(255) NOT NULL,
  `firm_address` varchar(255) NOT NULL,
  `firm_status` enum('Active','Inactive') NOT NULL DEFAULT 'Active',
  `firm_created_at` timestamp NULL DEFAULT CURRENT_TIMESTAMP,
  `firm_updated_at` timestamp NULL DEFAULT CURRENT_TIMESTAMP ON UPDATE CURRENT_TIMESTAMP,
  PRIMARY KEY (`firm_id`)
) ENGINE=InnoDB AUTO_INCREMENT=138 DEFAULT CHARSET=utf8mb4 COLLATE=utf8mb4_0900_ai_ci;
/*!40101 SET character_set_client = @saved_cs_client */;

--
-- Dumping data for table `tbl_firms`
--

LOCK TABLES `tbl_firms` WRITE;
/*!40000 ALTER TABLE `tbl_firms` DISABLE KEYS */;
INSERT INTO `tbl_firms` VALUES (8,'Tekhno Space','tekhnospace@gmail.com','hvjh65','Hinjewadi Pune','Active','2024-06-06 11:33:31','2024-06-06 11:33:31'),(9,'Tekhno gg','tekhnospacee@gmail.com','hvjh65','Hinjewadi Pune','Active','2024-06-06 11:36:32','2024-06-06 11:36:32'),(10,'Tekhno gg','tekhnogg55@gmail.com','KIKIKIKI153','Aurangabad','Active','2024-06-06 11:37:52','2024-06-18 12:51:03'),(12,'SayaliFirm Pvt ','firmsayali22@gmail.com','fffefr51','dfsf','Active','2024-06-11 12:50:43','2024-06-11 12:50:43'),(14,'SayaliFirm Pvt ','firmsayali33@gmail.com','ascdsvthbg','gjndgset','Active','2024-06-12 06:37:46','2024-06-12 06:37:46'),(16,'dscdscds','yashfirm22sc@gmail.com','ascas','asdca','Active','2024-06-12 06:59:42','2024-06-12 06:59:42'),(19,'Kajal Fashion Pvt Ltd','kajalfashion@gmail.com','HVHJ15313dvzdvzxvzc','Wardha','Active','2024-06-12 10:41:13','2024-08-30 05:29:28'),(20,'Yashhhh pvt ltd','yashfirm22323@gmail.com','dvcxdv','vfv','Active','2024-06-12 10:47:00','2024-06-12 10:47:00'),(21,'Yash Textiles Pvt Ltd','yash_textiles@gmail.com','KBJKKBJ23','Pimpri, Pune','Active','2024-06-12 10:47:46','2024-06-21 10:25:06'),(23,'Tekhno Space Pvt. Ltd.','tekhnospace66@gmail.com','YFKJB154155','Pune','Active','2024-06-17 10:07:51','2024-06-17 10:07:51'),(24,'India Oil Solutions Pvt Ltd','indiaoil@gmail.com','YGYGV131131','Mumbai','Active','2024-06-17 10:09:06','2024-06-17 10:09:06'),(25,'Sujit Manufacturing Pvt Ltd','sm@gmail.com','sdvdsdvd','sfvsdd','Active','2024-06-17 10:14:49','2024-06-17 10:14:49'),(26,'Payal Steels Pvt Ltd','payalsteel@gmail.com','FNJJB545641','Pune','Active','2024-06-17 11:28:37','2024-06-17 11:28:37'),(31,'Saya Manufacturing Pvt Ltd','sayamanu@gmail.com','BBJKBJB3515313','Dhule','Active','2024-06-19 12:50:24','2024-06-21 10:25:27'),(33,'Abhinav Foods Pvt Ltd','abhinavfoods@gmail.com','BKJBJJ256135','Deccan, Mumbai','Active','2024-06-21 10:26:24','2024-06-21 10:26:24'),(34,'Balaji Infrastructure Pvt. Ltd.','balajiinfra@gmail.com','YGIKBJ135','Washim','Active','2024-06-26 06:17:59','2024-06-26 06:17:59'),(46,'Kala Jamun Pvt Ltd','kalajamun@gmail.com','IHIO1313J','Wakad wala Pune','Active','2024-07-09 10:37:59','2024-07-09 10:37:59'),(49,'Rajaram Firm Pvt Ltd','rfirm@gmail.com','DRYDYC1321','Dhule','Active','2024-07-11 07:09:36','2024-07-11 07:09:36'),(50,'Siyaram Firm Pvt Ltd','siyafirm@gmail.com','OIOPI153132','Dhule','Active','2024-07-11 07:10:01','2024-07-11 07:10:01'),(52,'Lakshman Firm Pvt Ltd','lakshfirm@gmail.com','IUIOJK51322','Dhule','Active','2024-07-11 07:11:25','2024-07-11 07:11:25'),(53,'sayali patil firm','sayali12@gmail.com','3242344','pune','Active','2024-07-11 07:23:06','2024-07-11 07:23:06'),(54,'kaju badam firm','kajubadam@gmail.com','43746334','mumbai','Active','2024-07-11 07:32:13','2024-07-11 07:32:13'),(55,'Dada Bhai','dadab@gmail.com','POIGYJ513121','Dhule','Active','2024-07-11 07:55:40','2024-07-11 07:55:40'),(58,'Happy face firm','happyface@gmail.com','3222343','pune','Active','2024-07-11 12:53:00','2024-07-11 12:53:00'),(59,'Sayali Big Firm ','sayalim@gmail.com','43534534','pune','Active','2024-07-11 12:53:45','2024-07-11 12:53:45'),(60,'SayaliBigFirm Pvt Ltd','sayalifirm@gmail.com','324234242435544','Pune','Active','2024-07-12 05:47:32','2024-07-12 05:47:32'),(61,'Danish 1','danish1@gmail.com','324234233','vashim','Active','2024-07-12 06:11:28','2024-07-12 06:11:28'),(62,'Vada Sambhar Pvt Ltd','vadasambhar@gmail.com','IYGVV265646dddd','Wade, Washim','Active','2024-07-12 10:21:39','2024-07-18 07:35:22'),(64,'ghgfg','dfdsf@gmail.com','dfef','Washim','Active','2024-07-18 11:10:14','2024-07-18 11:10:14'),(74,'Happy Faces3245234','happy@gmail.com','sdfvsdgas476789','Pune','Active','2024-07-22 06:12:41','2024-07-30 05:14:25'),(75,'AK Golden Crust','ak@gmail.com','sdfjgusfv76894','Pune','Active','2024-07-22 06:13:02','2024-07-22 06:13:02'),(76,'Pestosys LLP','pesto@gmail.com','sjgvfgusidf865839','Pune','Active','2024-07-22 06:13:51','2024-07-22 06:13:51'),(77,'Tekhnologia','tekhno@gmail.com','dsfberner465343','Pune','Active','2024-07-22 06:21:21','2024-07-22 06:21:21'),(80,'Tekh','tekh@gmail.com','22AAAAA0000A1Z5','Pune','Active','2024-07-24 07:21:12','2024-07-24 07:24:46'),(81,'William','william@gmail.com','22AAAAA0000A1Z0','Pune','Active','2024-07-24 07:31:47','2024-07-24 07:31:47'),(82,'Best Firm','rupgh@gmail.com','22AAAAA0000A1Z7','fdhdfg%$$%$%^','Active','2024-07-24 07:32:52','2024-07-24 07:32:52'),(86,'Tekhnos','tekhnos@gmail.com','22AAAAA9895A3Z9','Pune','Active','2024-07-30 06:14:36','2024-08-05 10:10:59'),(87,'Pulgam','pulgam@gmail.com','28AAAAA9898A9Z9','Pune','Active','2024-07-30 06:18:07','2024-07-30 06:18:07'),(88,'Happy Face','happyface1@gmail.com','78AAAAA9887A5Z0','Pune','Active','2024-07-30 06:22:51','2024-07-30 06:22:51'),(90,'Balaji Infrastructure Pvt Ltd','balajiinfra1@gmail.com','22AAAAA9801A3Z7','Washim','Active','2024-07-31 04:54:46','2024-08-03 08:13:56'),(91,'Happy Faces The Concept School','happyfaces1@gmail.com','22AAAAA9802A3Z7','Washim','Active','2024-07-31 05:18:43','2024-07-31 05:23:11'),(92,'Tekhnologia Innovations India Pvt Ltd','tekhnologiaindia2@gmail.com','22AAAAA9804A3Z7','Washim','Active','2024-07-31 05:19:46','2024-07-31 05:23:22'),(93,'H2M Movieplex Pvt. Ltd.','h2mmoviep@gmail.com','22AAAAA9806A3Z7','Washim','Active','2024-07-31 05:24:53','2024-07-31 05:24:53'),(94,'Tekhnologia Firm Pvt LTD','tekhnologiafirm@gmail.com','22AAAAA9887A3Z7','Pune','Active','2024-07-31 06:42:23','2024-07-31 06:42:23'),(95,'H2m Movie Complex PVT LTD','h2mmovie@gmail.com','22AAAAA9865A3Z7','Pune','Active','2024-07-31 06:43:42','2024-07-31 06:43:42'),(96,'AK Golden Crust PVT LTD','akgolden@gmail.com','22AAAAA9856A3Z7','Aundh','Active','2024-07-31 06:44:31','2024-07-31 06:44:31'),(97,'Thanos Pvt Ltd','thanos@gmail.com','22AAAAA9826A3Z7','Pune','Active','2024-08-03 05:49:03','2024-08-03 05:49:03'),(100,'Kartik New Firm','newfirm@gmail.com','22AAAAA6526A3Z7','Aundh','Active','2024-08-06 12:36:05','2024-08-06 12:36:05'),(101,'Washim Property','washim@gmail.com','22AAAAA9811A3Z7','Pune','Active','2024-08-07 09:46:07','2024-08-07 09:46:07'),(102,'Pune Property','pune@gmail.com','22AAAAA9812A3Z7','Pune','Active','2024-08-07 09:46:52','2024-08-07 09:46:52'),(103,'Mark Anderson','mark@gmail.com','22AAAAA1001A3Z7','Pune','Active','2024-08-07 10:08:36','2024-08-07 10:08:36'),(104,'Kothrud Property ','kothrud@gmail.com','22AAAAA1002A3Z7','Pune','Active','2024-08-07 10:18:46','2024-08-07 10:18:46'),(127,'Alka Talkies ','alka@gmail.com','22AAAAA9090A3Z1','Nehru Road, Pune','Active','2024-09-02 13:05:56','2024-09-02 13:05:56'),(128,'Malibu Club','malibu@hotmail.com','27AAUFM1756H1ZT','Vice City','Active','2024-09-02 13:08:11','2024-09-02 13:08:11'),(129,'San Diago','Sandi@gmail.com','22AAUFM1776H1ZT','Los Angelo\'s ','Active','2024-09-02 13:09:06','2024-09-02 13:09:06'),(130,'Counter Strike','csgo@gmail.com','29AAUFM1656H1ZT','Steam Launcher','Active','2024-09-02 13:10:30','2024-09-02 13:10:30'),(131,'Texas Textiles','textiles@available.com','22747829AAAHHX','Timber Market','Active','2024-09-03 05:57:36','2024-09-03 05:57:36'),(132,'Lala Afim Pvt Lt 1d','afim@gmail.com','22AAAAA7006A3Z7','Jodhpur','Active','2024-09-03 11:07:25','2024-09-03 11:07:25'),(133,'Sharad Shukla Pvt Ltd','sharad@gmail.com','22AAAAA9873A3Z7','Sharad ','Active','2024-09-03 11:28:41','2024-09-03 11:28:41'),(135,'chota bheem3','chotabheem66@gmail.com','22AAAAA9121A3Z7','Hinjewadi Pune','Active','2024-09-06 06:53:53','2024-09-06 06:53:53'),(136,'Kartik Paisewala','Kpaisa@gmail.con','22AAAAA4008A3Z7','Shimla','Active','2024-09-09 06:30:17','2024-09-13 09:57:17'),(137,'Lala Pvt Ltd.','lala@gmail.com','22AAAAA9131A3Z7','Pune','Active','2024-09-13 11:59:30','2024-09-16 07:23:03');
/*!40000 ALTER TABLE `tbl_firms` ENABLE KEYS */;
UNLOCK TABLES;

--
-- Table structure for table `tbl_general_ledgers`
--

DROP TABLE IF EXISTS `tbl_general_ledgers`;
/*!40101 SET @saved_cs_client     = @@character_set_client */;
/*!50503 SET character_set_client = utf8mb4 */;
CREATE TABLE `tbl_general_ledgers` (
  `gl_id` int NOT NULL AUTO_INCREMENT,
  `firm_id` int DEFAULT NULL,
  `gl_name` varchar(255) NOT NULL,
  `gl_status` enum('Active','Inactive') NOT NULL DEFAULT 'Active',
  `gl_created_at` timestamp NULL DEFAULT CURRENT_TIMESTAMP,
  `gl_updated_at` timestamp NULL DEFAULT CURRENT_TIMESTAMP ON UPDATE CURRENT_TIMESTAMP,
  `balance` decimal(10,2) DEFAULT '0.00',
  `gl_type` enum('Cash','Not Cash') NOT NULL DEFAULT 'Not Cash',
  PRIMARY KEY (`gl_id`)
) ENGINE=InnoDB AUTO_INCREMENT=293 DEFAULT CHARSET=utf8mb4 COLLATE=utf8mb4_0900_ai_ci;
/*!40101 SET character_set_client = @saved_cs_client */;

--
-- Dumping data for table `tbl_general_ledgers`
--

LOCK TABLES `tbl_general_ledgers` WRITE;
/*!40000 ALTER TABLE `tbl_general_ledgers` DISABLE KEYS */;
INSERT INTO `tbl_general_ledgers` VALUES (1,8,'Cash','Active','2024-06-07 06:34:59','2024-06-14 11:09:18',-2500.00,'Not Cash'),(2,10,'Cash','Active','2024-06-07 06:46:44','2024-06-14 11:09:18',2500.00,'Not Cash'),(3,8,'Bank','Active','2024-06-07 06:47:03','2024-06-07 06:47:03',0.00,'Not Cash'),(4,10,'GL1','Active','2024-06-07 06:47:09','2024-06-12 09:59:56',0.00,'Not Cash'),(5,9,'Bank','Active','2024-06-07 06:47:17','2024-06-07 06:47:17',0.00,'Not Cash'),(28,21,'Cash','Active','2024-06-15 06:56:58','2024-09-12 09:49:37',57633.00,'Not Cash'),(29,21,'Bank','Active','2024-06-15 06:57:03','2024-09-12 11:25:11',-539590.00,'Not Cash'),(30,21,'Private','Active','2024-06-15 06:57:07','2024-09-05 05:56:59',-72722.00,'Not Cash'),(31,22,'Dada GL1','Active','2024-06-15 06:57:20','2024-06-17 07:38:55',-150.00,'Not Cash'),(32,22,'Dada GL2','Active','2024-06-15 06:57:27','2024-06-17 07:39:07',4000.00,'Not Cash'),(33,22,'Dada GL3','Active','2024-06-15 06:57:35','2024-06-15 10:44:06',700.00,'Not Cash'),(34,23,'Cash','Active','2024-06-17 10:09:24','2024-06-17 10:12:26',-2000.00,'Not Cash'),(35,23,'Salary','Active','2024-06-17 10:09:35','2024-06-17 10:09:35',0.00,'Not Cash'),(36,23,'Bank','Active','2024-06-17 10:11:03','2024-06-17 10:11:03',0.00,'Not Cash'),(37,24,'Cash','Active','2024-06-17 10:11:16','2024-06-17 10:13:22',1200.00,'Not Cash'),(38,24,'Salary','Active','2024-06-17 10:11:27','2024-06-17 10:17:08',3300.00,'Not Cash'),(39,24,'Private','Active','2024-06-17 10:11:41','2024-06-17 10:13:36',500.00,'Not Cash'),(40,25,'Salaries','Active','2024-06-17 10:15:15','2024-06-17 11:30:54',15000.00,'Not Cash'),(41,25,'Private Account','Active','2024-06-17 10:15:42','2024-06-17 10:17:28',6000.00,'Not Cash'),(42,25,'Maintenance Account','Active','2024-06-17 10:16:04','2024-06-17 10:17:28',-9000.00,'Not Cash'),(43,26,'Cash 1','Active','2024-06-17 11:29:16','2024-06-17 11:31:38',-20000.00,'Not Cash'),(44,26,'Salary','Active','2024-06-17 11:29:37','2024-06-17 11:31:38',5000.00,'Not Cash'),(45,30,'PLastics GL1','Active','2024-06-19 12:51:24','2024-06-19 12:51:24',0.00,'Not Cash'),(46,30,'PLastics GL2','Active','2024-06-19 12:51:32','2024-06-19 12:51:32',0.00,'Not Cash'),(47,31,'Cash','Active','2024-06-19 12:51:51','2024-09-12 07:27:49',39404.00,'Not Cash'),(48,32,'Darinda GL1','Active','2024-06-19 12:52:20','2024-06-19 12:52:20',0.00,'Not Cash'),(49,32,'Darinda GL2','Active','2024-06-19 12:52:25','2024-06-19 12:52:25',0.00,'Not Cash'),(50,19,'Cash','Active','2024-06-21 10:27:14','2024-09-12 09:54:17',-56357.00,'Not Cash'),(51,19,'Bank','Active','2024-06-21 10:27:22','2024-09-12 12:11:31',-126592.00,'Not Cash'),(52,31,'Bank','Active','2024-06-21 10:27:34','2024-09-12 07:27:49',46033.00,'Not Cash'),(53,31,'Private','Active','2024-06-21 10:27:46','2024-09-03 11:36:25',193175.00,'Not Cash'),(54,33,'Cash','Active','2024-06-21 10:27:53','2024-09-06 12:07:18',2270.00,'Not Cash'),(55,33,'Bank','Active','2024-06-21 10:28:02','2024-09-06 11:57:29',634631.00,'Not Cash'),(56,34,'Cash','Active','2024-06-26 06:36:45','2024-07-18 11:20:14',-330000.00,'Not Cash'),(57,34,'Bank','Active','2024-06-26 06:37:20','2024-07-18 11:19:30',744237.00,'Not Cash'),(58,35,'Cash','Active','2024-06-26 06:37:31','2024-06-26 06:56:01',750000.00,'Not Cash'),(59,35,'Bank','Active','2024-06-26 06:37:42','2024-07-18 11:20:14',965000.00,'Not Cash'),(60,36,'Cash','Active','2024-06-26 06:37:52','2024-06-26 10:11:10',1590000.00,'Not Cash'),(61,36,'Bank','Active','2024-06-26 06:37:57','2024-07-18 11:19:30',345763.00,'Not Cash'),(62,37,'Cash','Active','2024-06-26 06:48:55','2024-06-26 08:04:56',850000.00,'Not Cash'),(63,37,'Bank','Active','2024-06-26 06:49:01','2024-06-26 08:46:34',1000000.00,'Not Cash'),(64,45,'Bank','Active','2024-07-08 10:56:03','2024-08-14 08:10:43',9400.00,'Not Cash'),(66,45,'GPAY','Active','2024-07-08 10:56:31','2024-09-02 06:29:58',82292.00,'Not Cash'),(67,46,'Cash','Active','2024-07-09 10:39:18','2024-09-03 12:58:34',-73876.00,'Not Cash'),(68,46,'Bank Account','Active','2024-07-09 10:39:38','2024-09-03 06:07:18',91336.00,'Not Cash'),(69,47,'Cash','Active','2024-07-09 10:39:46','2024-09-02 05:59:40',-236314.00,'Not Cash'),(71,48,'Cash','Active','2024-07-11 05:46:09','2024-07-11 05:46:09',0.00,'Not Cash'),(72,48,'Bank','Active','2024-07-11 05:46:15','2024-07-11 09:55:05',5600.00,'Not Cash'),(75,49,'Cash','Active','2024-07-11 07:11:39','2024-07-11 07:13:06',-5000.00,'Not Cash'),(76,49,'Bank','Active','2024-07-11 07:11:47','2024-07-11 07:14:20',-75000.00,'Not Cash'),(77,49,'Phonepe','Active','2024-07-11 07:12:03','2024-07-11 07:14:44',-9000.00,'Not Cash'),(78,50,'Gpay','Active','2024-07-11 07:12:10','2024-07-11 07:14:44',9000.00,'Not Cash'),(79,50,'Cash','Active','2024-07-11 07:12:18','2024-07-11 07:16:33',1000.00,'Not Cash'),(80,52,'Bank','Active','2024-07-11 07:12:28','2024-07-11 07:12:28',0.00,'Not Cash'),(81,52,'GPAY','Active','2024-07-11 07:12:32','2024-07-11 07:16:33',79000.00,'Not Cash'),(82,53,'cash','Active','2024-07-11 07:32:39','2024-07-11 07:32:39',0.00,'Not Cash'),(83,53,'goggle pay','Active','2024-07-11 07:32:46','2024-07-11 07:32:46',0.00,'Not Cash'),(84,53,'ATM','Active','2024-07-11 07:32:51','2024-07-11 07:32:51',0.00,'Not Cash'),(85,54,'goggle pay','Active','2024-07-11 07:32:59','2024-07-11 07:32:59',0.00,'Not Cash'),(86,54,'phone pay','Active','2024-07-11 07:33:06','2024-07-11 07:33:06',0.00,'Not Cash'),(87,56,'Bank','Active','2024-07-11 09:52:57','2024-07-11 10:56:32',-5300.00,'Not Cash'),(88,57,'Cash','Active','2024-07-11 10:49:17','2024-07-11 10:56:32',-300.00,'Not Cash'),(89,58,'goggle pay','Active','2024-07-11 12:53:58','2024-07-11 12:53:58',0.00,'Not Cash'),(90,58,'phone pay','Active','2024-07-11 12:54:09','2024-07-11 12:54:09',0.00,'Not Cash'),(91,58,'cash','Active','2024-07-11 12:54:15','2024-07-11 12:54:15',0.00,'Not Cash'),(92,59,'goggle pay','Active','2024-07-11 12:54:23','2024-07-11 12:54:23',0.00,'Not Cash'),(93,59,'phone pay','Active','2024-07-11 12:54:31','2024-07-11 12:54:31',0.00,'Not Cash'),(94,59,'cash','Active','2024-07-11 12:54:35','2024-07-11 12:54:35',0.00,'Not Cash'),(95,60,'goggle pay','Active','2024-07-12 06:14:00','2024-07-12 09:39:39',-900.00,'Not Cash'),(96,60,'phone pay','Active','2024-07-12 06:14:10','2024-07-12 09:39:39',-100.00,'Not Cash'),(97,61,'goggle pay','Active','2024-07-12 06:14:19','2024-07-12 09:25:56',1000.00,'Not Cash'),(98,61,'phone pay','Active','2024-07-12 06:14:24','2024-07-12 06:14:24',0.00,'Not Cash'),(99,61,'cash','Active','2024-07-12 06:14:30','2024-07-12 06:14:30',0.00,'Not Cash'),(101,31,'trdrtcghsss','Active','2024-07-18 07:07:30','2024-08-14 07:59:16',-6230.00,'Not Cash'),(102,64,'GPAY','Active','2024-07-18 11:10:40','2024-07-18 11:11:12',85000.00,'Not Cash'),(103,36,'Private','Active','2024-07-18 11:17:54','2024-07-18 11:17:54',0.00,'Not Cash'),(104,36,'Salaries','Active','2024-07-18 11:18:18','2024-07-18 11:18:18',0.00,'Not Cash'),(105,65,'Phone pe','Active','2024-07-19 05:46:47','2024-07-19 13:50:58',-100000.00,'Not Cash'),(106,65,'Google pay','Active','2024-07-19 05:46:56','2024-07-19 06:32:39',-10000.00,'Not Cash'),(107,65,'Net Banking','Active','2024-07-19 05:47:05','2024-07-19 13:31:03',-60000.00,'Not Cash'),(108,65,'UPI','Active','2024-07-19 05:47:42','2024-07-19 13:50:32',-60000.00,'Not Cash'),(109,65,'234253','Active','2024-07-19 05:53:29','2024-07-19 05:53:29',0.00,'Not Cash'),(110,67,'Cash','Active','2024-07-19 06:29:33','2024-07-19 06:32:39',10000.00,'Not Cash'),(111,67,'UPI','Active','2024-07-19 06:29:38','2024-07-19 06:30:41',100000.00,'Not Cash'),(112,19,'Kartik','Active','2024-07-19 06:34:27','2024-09-12 10:40:31',-12229755.00,'Not Cash'),(113,65,'Aditya','Active','2024-07-19 06:36:33','2024-07-19 06:36:33',0.00,'Not Cash'),(114,69,'Phone pe','Active','2024-07-19 06:53:07','2024-07-19 06:53:07',0.00,'Not Cash'),(115,69,'Google pay','Active','2024-07-19 06:53:34','2024-07-19 13:50:58',-10000.00,'Not Cash'),(116,69,'Cash','Active','2024-07-19 06:53:42','2024-07-19 13:31:58',40000.00,'Not Cash'),(117,69,'Net Banking','Active','2024-07-19 06:53:49','2024-07-19 13:50:32',0.00,'Not Cash'),(118,70,'Cash','Active','2024-07-19 06:54:05','2024-07-19 06:54:05',0.00,'Not Cash'),(119,70,'UPI ID','Active','2024-07-19 06:54:42','2024-07-19 06:57:00',10000.00,'Not Cash'),(120,70,'Cheque Book','Active','2024-07-19 06:55:03','2024-07-19 06:55:03',0.00,'Not Cash'),(121,71,'UPI ID','Active','2024-07-19 06:59:57','2024-07-19 13:31:03',80000.00,'Not Cash'),(122,33,'Aditya','Active','2024-07-19 07:30:21','2024-09-06 12:08:38',-8924.00,'Not Cash'),(123,65,'452345','Active','2024-07-19 13:03:34','2024-07-19 13:03:34',0.00,'Not Cash'),(124,44,'Shubham S','Active','2024-07-19 13:59:16','2024-08-23 10:13:44',-13135.00,'Not Cash'),(125,44,'Akash','Active','2024-07-19 13:59:29','2024-07-24 07:01:11',-26900.00,'Not Cash'),(126,44,'Rushi','Active','2024-07-19 13:59:35','2024-07-24 06:59:51',135200.00,'Not Cash'),(127,74,'UPI','Active','2024-07-22 06:15:58','2024-07-22 06:23:54',-20000.00,'Not Cash'),(128,74,'Cash','Active','2024-07-22 06:16:03','2024-07-30 05:08:05',-2000.00,'Not Cash'),(129,74,'Net Banking','Active','2024-07-22 06:16:09','2024-07-22 06:33:19',15000.00,'Not Cash'),(130,75,'UPI','Active','2024-07-22 06:16:21','2024-07-22 06:16:21',0.00,'Not Cash'),(131,74,'G Pay','Active','2024-07-22 06:17:05','2024-07-24 10:26:40',-103000.00,'Not Cash'),(132,75,'G Pay','Active','2024-07-22 06:17:22','2024-07-24 10:24:56',45000.00,'Not Cash'),(133,75,'Phone pay','Active','2024-07-22 06:17:28','2024-07-30 05:08:05',-10000.00,'Not Cash'),(134,75,'Cash','Active','2024-07-22 06:17:33','2024-07-22 06:17:33',0.00,'Not Cash'),(135,76,'UPI','Active','2024-07-22 06:18:09','2024-08-09 06:42:16',-10000.00,'Not Cash'),(136,76,'Cash','Active','2024-07-22 06:18:15','2024-07-22 06:18:15',0.00,'Not Cash'),(137,76,'Phone pe','Active','2024-07-22 06:18:22','2024-08-23 10:09:57',7022.00,'Not Cash'),(138,76,'G Pay','Active','2024-07-22 06:18:29','2024-08-23 10:10:55',3913.00,'Not Cash'),(139,77,'UPI','Active','2024-07-22 06:21:31','2024-08-23 07:06:57',69412.00,'Not Cash'),(140,77,'Bank Account','Active','2024-07-22 06:21:37','2024-09-04 10:00:19',-36888.00,'Not Cash'),(143,33,'s','Active','2024-07-22 11:13:55','2024-09-03 13:55:39',7600.00,'Not Cash'),(144,74,'Google','Active','2024-07-22 12:05:29','2024-07-22 12:05:29',0.00,'Not Cash'),(145,33,'aa','Active','2024-07-22 12:24:26','2024-09-06 12:09:08',2690.00,'Not Cash'),(146,33,'ss','Active','2024-07-22 12:31:21','2024-09-06 11:59:20',-300.00,'Not Cash'),(147,33,'sss','Active','2024-07-22 12:50:08','2024-09-06 12:11:39',300.00,'Not Cash'),(148,33,'ssss','Active','2024-07-22 12:53:46','2024-09-10 11:51:34',8734.00,'Not Cash'),(149,33,'k','Active','2024-07-22 12:56:29','2024-09-12 10:40:00',147.00,'Not Cash'),(150,33,'l','Active','2024-07-22 12:56:35','2024-09-06 12:11:14',8301.00,'Not Cash'),(151,33,'z','Active','2024-07-22 12:58:05','2024-09-06 12:11:39',335.00,'Not Cash'),(152,33,'x','Active','2024-07-22 12:59:34','2024-08-30 11:33:26',212.00,'Not Cash'),(153,33,'qw','Active','2024-07-22 13:06:24','2024-09-03 06:06:57',687.00,'Not Cash'),(154,33,'zz','Active','2024-07-22 13:07:44','2024-09-12 12:11:31',6316.00,'Not Cash'),(155,33,'dd','Active','2024-07-22 13:08:14','2024-07-22 13:08:14',0.00,'Not Cash'),(156,33,'lo','Active','2024-07-22 13:08:30','2024-09-03 06:08:01',5549.00,'Not Cash'),(157,80,'Google Pay','Active','2024-07-24 07:21:59','2024-07-24 07:21:59',0.00,'Not Cash'),(158,80,'Cash','Active','2024-07-24 07:36:51','2024-07-24 07:36:51',0.00,'Not Cash'),(159,80,'Net Banking','Active','2024-07-24 07:37:03','2024-07-24 07:37:03',0.00,'Not Cash'),(160,81,'Phone pe','Active','2024-07-24 07:37:19','2024-07-24 07:37:19',0.00,'Not Cash'),(161,81,'Google Pay','Active','2024-07-24 07:37:26','2024-07-24 07:37:26',0.00,'Not Cash'),(162,81,'Caash','Active','2024-07-24 07:37:31','2024-07-24 07:37:31',0.00,'Not Cash'),(163,62,'Shirish','Active','2024-07-24 11:59:39','2024-09-12 09:34:17',40766.00,'Not Cash'),(164,44,'Gyanesh','Active','2024-07-24 11:59:58','2024-08-16 10:32:45',-300.00,'Not Cash'),(165,86,'Phone pe','Active','2024-07-30 09:25:54','2024-08-05 11:28:43',-364540.00,'Not Cash'),(166,86,'Google Pay','Active','2024-07-30 09:26:23','2024-08-07 06:42:41',-5034.00,'Not Cash'),(167,86,'Net banking','Active','2024-07-30 09:26:33','2024-08-05 10:31:27',-78.00,'Not Cash'),(168,86,'Cash','Active','2024-07-30 09:26:41','2024-08-05 10:41:18',-40002.00,'Not Cash'),(169,87,'Google Pay','Active','2024-07-30 09:27:21','2024-08-05 10:31:27',9093.00,'Not Cash'),(170,87,'Phone Pay','Active','2024-07-30 09:27:29','2024-08-07 06:42:57',409691.00,'Not Cash'),(171,87,'Net Banking','Active','2024-07-30 09:27:35','2024-08-05 11:28:43',14.00,'Not Cash'),(172,87,'Cash','Active','2024-07-30 09:27:42','2024-07-30 09:27:42',0.00,'Not Cash'),(173,88,'Google Pay','Active','2024-07-30 09:27:50','2024-08-03 07:01:51',-28911.00,'Not Cash'),(174,88,'Phone pe','Active','2024-07-30 09:27:56','2024-08-03 06:49:24',39985.00,'Not Cash'),(175,88,'Net Banking','Active','2024-07-30 09:28:03','2024-07-30 09:38:22',-20000.00,'Not Cash'),(176,88,'Cash','Active','2024-07-30 09:28:09','2024-07-30 09:28:09',0.00,'Not Cash'),(177,90,'Dilip','Active','2024-07-31 05:25:18','2024-09-11 06:46:46',-147333.00,'Not Cash'),(178,91,'Dilip(School)','Active','2024-07-31 05:26:40','2024-09-11 05:12:14',201009.00,'Cash'),(179,92,'Rupesh','Active','2024-07-31 05:26:46','2024-09-11 05:13:42',405109.00,'Not Cash'),(180,92,'Aishwarya','Active','2024-07-31 05:27:34','2024-09-11 05:13:06',235991.00,'Not Cash'),(181,93,'Rohit','Active','2024-07-31 05:27:41','2024-09-13 06:46:41',-706776.00,'Cash'),(186,97,'Cheque','Active','2024-08-03 05:49:29','2024-08-07 06:42:41',-10.00,'Not Cash'),(187,97,'Phone pe','Active','2024-08-03 05:49:36','2024-08-03 07:25:32',47.00,'Not Cash'),(188,21,'Vijay','Active','2024-08-03 05:51:26','2024-09-03 12:39:07',-79214.00,'Not Cash'),(189,97,'Vijay','Active','2024-08-03 05:54:57','2024-08-03 07:25:18',-21.00,'Not Cash'),(190,97,'Avenger','Active','2024-08-03 06:15:11','2024-08-05 10:41:19',-88.00,'Not Cash'),(191,94,'Megha','Active','2024-08-03 07:28:50','2024-08-03 07:55:31',-12.00,'Not Cash'),(192,94,'Best','Active','2024-08-03 07:29:01','2024-08-03 07:55:48',-110.00,'Not Cash'),(193,94,'Phone pe ','Active','2024-08-03 07:29:08','2024-08-07 06:42:57',-24.00,'Not Cash'),(194,94,'Google pe','Active','2024-08-03 07:29:21','2024-08-03 07:29:21',0.00,'Not Cash'),(195,94,'Cash','Active','2024-08-03 07:29:25','2024-08-03 07:29:25',0.00,'Not Cash'),(197,99,'Yash','Active','2024-08-03 07:59:21','2024-09-02 06:28:35',13335.00,'Not Cash'),(198,99,'Vijay','Active','2024-08-03 07:59:27','2024-08-17 10:08:52',57000.00,'Not Cash'),(199,99,'Rushikesh','Active','2024-08-03 08:05:54','2024-09-02 11:33:54',-161.00,'Not Cash'),(200,101,'Property one Washim','Active','2024-08-07 10:37:17','2024-08-08 10:29:52',24000.00,'Not Cash'),(201,101,'Property','Active','2024-08-07 10:37:58','2024-08-08 05:36:23',-24000.00,'Not Cash'),(202,101,'Property one','Active','2024-08-07 10:39:38','2024-08-07 10:39:38',0.00,'Not Cash'),(203,19,'cc','Active','2024-08-07 11:08:37','2024-09-12 10:35:26',95918.00,'Not Cash'),(204,102,'Pune Kothrud ','Active','2024-08-08 11:56:28','2024-08-08 11:56:28',0.00,'Not Cash'),(205,102,'Pune Aundh','Active','2024-08-08 11:56:41','2024-08-08 11:56:41',0.00,'Not Cash'),(206,102,'Pune Varje','Active','2024-08-08 11:56:49','2024-08-08 11:56:49',0.00,'Not Cash'),(207,102,'Hadapsar','Active','2024-08-08 11:57:06','2024-08-08 11:57:06',0.00,'Not Cash'),(208,106,'Cash','Active','2024-08-09 05:40:28','2024-08-16 04:59:19',-44539.00,'Not Cash'),(209,21,'dsfsaf','Active','2024-08-09 06:34:11','2024-08-09 06:34:11',0.00,'Not Cash'),(210,99,'Bank','Active','2024-08-09 06:49:51','2024-08-09 06:49:51',0.00,'Not Cash'),(211,21,'GPAy','Active','2024-08-09 06:51:40','2024-09-03 13:06:43',252466.00,'Not Cash'),(212,21,'s','Active','2024-08-09 06:53:15','2024-08-09 06:53:15',0.00,'Not Cash'),(213,21,'YashGL','Active','2024-08-09 06:53:40','2024-08-30 07:02:35',99066.00,'Not Cash'),(214,44,'YashGsx','Active','2024-08-09 06:54:13','2024-08-23 09:59:55',-9235.00,'Not Cash'),(215,21,'YashGjk','Active','2024-08-09 06:54:50','2024-09-10 11:52:11',-700.00,'Not Cash'),(216,19,'Kajal Innovations','Active','2024-08-09 07:03:15','2024-09-12 10:35:06',-15642.00,'Not Cash'),(217,21,'SayaliGenLed','Active','2024-08-09 07:03:48','2024-08-31 05:39:01',-32779.00,'Not Cash'),(218,19,'sw','Active','2024-08-09 07:18:38','2024-09-12 10:39:30',-900360.00,'Not Cash'),(219,31,'s','Active','2024-08-09 08:00:08','2024-08-09 08:00:08',0.00,'Not Cash'),(220,31,'GPAY','Active','2024-08-09 08:00:30','2024-09-04 09:56:46',7013.00,'Not Cash'),(221,46,'cx','Active','2024-08-09 08:05:25','2024-08-30 06:59:19',-9678.00,'Not Cash'),(222,21,'Money','Active','2024-08-14 05:12:39','2024-09-04 09:43:16',30523.00,'Not Cash'),(223,84,'Bank','Active','2024-08-14 08:11:06','2024-08-31 05:37:09',-67555.00,'Not Cash'),(224,84,'GPAY','Active','2024-08-14 08:11:13','2024-08-21 06:07:45',11744.00,'Not Cash'),(225,111,'Cash','Active','2024-08-16 04:54:55','2024-08-31 10:51:03',-6783.00,'Cash'),(226,111,'Rushi','Active','2024-08-16 04:55:01','2024-08-16 04:55:01',0.00,'Not Cash'),(227,111,'Bank','Active','2024-08-16 04:55:08','2024-08-31 10:51:03',1222.00,'Cash'),(228,111,'Abhi','Active','2024-08-16 04:56:50','2024-08-30 10:37:13',10565.00,'Not Cash'),(229,106,'Rupesh','Active','2024-08-16 06:16:02','2024-08-28 11:24:56',37030.00,'Not Cash'),(230,106,'Aishwarya','Active','2024-08-16 06:16:11','2024-08-28 11:34:16',-4844.00,'Not Cash'),(231,112,'Cash1','Active','2024-08-16 06:37:30','2024-08-23 07:16:50',-16000.00,'Not Cash'),(232,112,'Money','Active','2024-08-16 06:37:46','2024-09-02 11:38:16',-64677.00,'Not Cash'),(233,112,'G Pay','Active','2024-08-16 06:37:54','2024-08-31 12:48:46',5892.00,'Not Cash'),(236,112,'Cheque','Active','2024-08-16 06:38:41','2024-08-31 12:48:09',22818.00,'Not Cash'),(237,113,'Cash','Active','2024-08-16 06:41:59','2024-08-30 06:01:03',-63000.00,'Not Cash'),(238,113,'Money','Active','2024-08-16 06:42:04','2024-08-30 10:33:29',-14635.00,'Not Cash'),(239,113,'Other Expenses ','Active','2024-08-16 06:42:10','2024-08-22 07:27:37',151000.00,'Not Cash'),(240,113,'G Pay','Active','2024-08-16 06:42:15','2024-08-28 11:32:09',-17646.00,'Not Cash'),(241,113,'Phone Pe','Active','2024-08-16 06:42:20','2024-08-22 07:26:08',-92444.00,'Not Cash'),(242,113,'Net Banking','Active','2024-08-16 06:42:28','2024-08-23 07:32:06',8344.00,'Not Cash'),(243,112,'Shahanoor','Active','2024-08-21 06:06:28','2024-08-30 07:12:18',-32343.00,'Not Cash'),(244,19,'Vijay','Active','2024-08-29 13:31:17','2024-09-12 10:40:00',11919360.00,'Not Cash'),(245,119,'Phone Pe','Active','2024-08-30 05:43:13','2024-08-30 05:43:13',0.00,'Not Cash'),(246,119,'Paypal US','Active','2024-08-30 05:43:21','2024-09-02 06:29:22',656.00,'Not Cash'),(247,119,'Payoneer ','Active','2024-08-30 05:43:40','2024-08-30 12:04:53',7990.00,'Not Cash'),(248,119,'Payoneer US Bank Chicago','Active','2024-08-30 05:43:52','2024-09-02 11:34:21',-377.00,'Not Cash'),(249,119,'Cheque','Active','2024-08-30 05:44:00','2024-08-30 10:02:34',7904.00,'Not Cash'),(250,119,'Cash','Active','2024-08-30 05:44:04','2024-09-02 11:36:56',110257.00,'Not Cash'),(251,119,'Net Banking','Active','2024-08-30 05:44:13','2024-08-31 12:48:46',-93000.00,'Not Cash'),(252,119,'Bank Transfer','Active','2024-08-30 05:44:20','2024-08-31 12:48:09',-18434.00,'Not Cash'),(253,119,'Sagar','Active','2024-08-30 12:49:39','2024-08-31 11:38:54',-5981.00,'Cash'),(254,119,'Rahul','Active','2024-08-30 12:50:27','2024-08-31 11:40:02',541.00,'Cash'),(255,19,'Shardul','Active','2024-08-30 13:23:03','2024-09-12 10:06:30',54451.00,'Cash'),(256,21,'iyg','Active','2024-08-30 13:41:53','2024-09-06 12:11:14',2001.00,'Cash'),(257,21,'jkll','Active','2024-08-30 13:42:36','2024-08-30 13:42:36',525.00,'Not Cash'),(258,21,'rsrt','Active','2024-08-30 13:42:51','2024-09-02 06:35:57',866.00,'Cash'),(259,21,'trty','Active','2024-08-30 13:44:21','2024-08-30 13:44:21',0.00,'Not Cash'),(260,119,'Ram','Active','2024-08-31 05:00:34','2024-09-10 12:07:00',-2104.00,'Cash'),(262,19,'gyv','Active','2024-08-31 06:50:54','2024-09-12 11:25:11',891232.00,'Not Cash'),(263,119,'Rk','Active','2024-08-31 06:51:19','2024-08-31 06:51:19',300.00,'Cash'),(264,119,'Cash For Business','Active','2024-09-02 05:55:46','2024-09-02 05:59:40',-6000.00,'Cash'),(265,132,'Akshay','Active','2024-09-03 11:08:26','2024-09-12 08:57:20',79555.00,'Cash'),(266,132,'Guru','Active','2024-09-03 11:08:43','2024-09-03 11:13:22',1.00,'Cash'),(267,133,'Ganja','Active','2024-09-03 11:29:14','2024-09-03 11:29:14',0.00,'Not Cash'),(268,133,'Phone pe','Active','2024-09-03 11:29:42','2024-09-04 10:00:19',39588.00,'Not Cash'),(269,133,'Google Pe','Active','2024-09-03 11:29:49','2024-09-10 11:52:11',-59300.00,'Not Cash'),(270,133,'Banking','Active','2024-09-03 11:30:07','2024-09-03 11:30:07',10000.00,'Not Cash'),(271,133,'Banking','Active','2024-09-03 11:30:07','2024-09-10 11:57:45',8000.00,'Not Cash'),(272,133,'Guddu','Active','2024-09-03 11:33:48','2024-09-03 11:33:48',677658.00,'Not Cash'),(273,133,'Bablu','Active','2024-09-03 11:34:03','2024-09-03 11:35:44',50000.00,'Not Cash'),(274,133,'In hand Cash','Active','2024-09-03 11:34:14','2024-09-03 11:34:14',0.00,'Not Cash'),(275,119,'test by postman','Active','2024-09-04 11:22:08','2024-09-04 11:22:08',400.00,'Cash'),(276,119,'Shsm','Active','2024-09-06 06:56:25','2024-09-06 06:56:25',500.00,'Cash'),(277,19,'Shsm','Active','2024-09-06 07:02:42','2024-09-11 08:55:05',8523.00,'Cash'),(278,19,'Tested24','Active','2024-09-06 07:08:51','2024-09-06 07:08:51',300.00,'Cash'),(279,33,'Name','Active','2024-09-06 07:09:16','2024-09-06 07:09:16',500.00,'Cash'),(280,29,'Shsm','Active','2024-09-06 07:10:37','2024-09-06 07:10:37',500.00,'Cash'),(281,46,'Name','Active','2024-09-06 07:13:13','2024-09-06 07:13:13',500.00,'Cash'),(282,128,'Name','Active','2024-09-06 07:16:54','2024-09-06 07:16:54',500.00,'Cash'),(283,129,'Name','Active','2024-09-06 07:17:13','2024-09-06 07:17:13',500.00,'Cash'),(284,128,'Vice city','Active','2024-09-06 07:29:04','2024-09-12 10:40:31',-49852.00,'Cash'),(285,46,'Vice city','Active','2024-09-06 07:31:51','2024-09-06 07:31:51',150.00,'Cash'),(286,127,'Vice city','Active','2024-09-06 07:32:55','2024-09-06 07:32:55',150.00,'Cash'),(287,33,'Vice city','Active','2024-09-06 07:35:57','2024-09-06 07:35:57',150.00,'Cash'),(288,34,'Shsm','Active','2024-09-06 07:37:52','2024-09-06 07:37:52',500.00,'Cash'),(289,46,'Saturday ','Active','2024-09-06 07:39:31','2024-09-06 07:39:31',7000.00,'Cash'),(290,128,'Saturday ','Active','2024-09-06 07:46:27','2024-09-06 07:46:27',7000.00,'Cash'),(291,90,'Rupesh khillare','Active','2024-09-11 06:23:00','2024-09-11 06:46:46',507000.00,'Not Cash'),(292,93,'Rupesh','Active','2024-09-13 06:45:40','2024-09-13 06:46:41',505000.00,'Not Cash');
/*!40000 ALTER TABLE `tbl_general_ledgers` ENABLE KEYS */;
UNLOCK TABLES;

--
-- Table structure for table `tbl_transactions`
--

DROP TABLE IF EXISTS `tbl_transactions`;
/*!40101 SET @saved_cs_client     = @@character_set_client */;
/*!50503 SET character_set_client = utf8mb4 */;
CREATE TABLE `tbl_transactions` (
  `transaction_id` int NOT NULL AUTO_INCREMENT,
  `from_firm_id` int DEFAULT NULL,
  `to_firm_id` int DEFAULT NULL,
  `from_gl_id` int DEFAULT NULL,
  `to_gl_id` int DEFAULT NULL,
  `amount` decimal(10,2) DEFAULT NULL,
  `transaction_date` timestamp NULL DEFAULT CURRENT_TIMESTAMP,
  `user_id` int DEFAULT NULL,
  `remark` varchar(255) DEFAULT NULL,
  `trans_type` varchar(255) DEFAULT NULL,
  PRIMARY KEY (`transaction_id`)
) ENGINE=InnoDB AUTO_INCREMENT=516 DEFAULT CHARSET=utf8mb4 COLLATE=utf8mb4_0900_ai_ci;
/*!40101 SET character_set_client = @saved_cs_client */;

--
-- Dumping data for table `tbl_transactions`
--

LOCK TABLES `tbl_transactions` WRITE;
/*!40000 ALTER TABLE `tbl_transactions` DISABLE KEYS */;
INSERT INTO `tbl_transactions` VALUES (8,21,22,28,31,300.00,'2024-06-15 09:34:47',39,NULL,NULL),(9,21,22,29,32,5000.00,'2024-06-15 10:43:41',39,NULL,NULL),(10,21,22,30,33,700.00,'2024-06-15 10:44:06',39,NULL,NULL),(11,21,21,28,30,800.00,'2024-06-17 05:38:14',39,NULL,NULL),(12,21,21,30,29,800.00,'2024-06-17 05:44:04',39,NULL,NULL),(13,21,21,29,30,800.00,'2024-06-17 05:44:37',39,NULL,NULL),(14,21,21,30,29,100.00,'2024-06-17 05:44:51',39,NULL,NULL),(15,21,21,30,29,200.00,'2024-06-17 06:20:09',39,NULL,NULL),(16,22,21,32,30,150.00,'2024-06-17 07:37:51',39,NULL,NULL),(17,22,21,31,30,450.00,'2024-06-17 07:38:55',39,NULL,NULL),(18,22,21,32,30,850.00,'2024-06-17 07:39:07',39,NULL,NULL),(19,23,24,34,39,2000.00,'2024-06-17 10:12:26',51,NULL,NULL),(20,24,24,39,37,1200.00,'2024-06-17 10:13:22',51,NULL,NULL),(21,24,24,39,38,300.00,'2024-06-17 10:13:36',51,NULL,NULL),(22,25,24,42,38,3000.00,'2024-06-17 10:17:08',51,NULL,NULL),(23,25,25,42,41,6000.00,'2024-06-17 10:17:28',51,NULL,NULL),(24,26,25,43,40,15000.00,'2024-06-17 11:30:54',51,NULL,NULL),(25,26,26,43,44,5000.00,'2024-06-17 11:31:38',51,NULL,NULL),(26,21,31,30,47,700.00,'2024-06-20 10:40:06',39,NULL,NULL),(27,19,21,50,28,500.00,'2024-06-24 11:34:44',39,NULL,NULL),(28,34,36,56,60,150000.00,'2024-01-08 06:44:27',52,NULL,NULL),(29,34,36,56,60,200000.00,'2024-02-06 06:49:59',52,NULL,NULL),(30,34,36,57,61,65000.00,'2024-02-17 06:50:17',52,NULL,NULL),(31,34,36,56,60,150000.00,'2024-03-07 06:51:44',52,NULL,NULL),(32,34,36,56,60,150000.00,'2024-04-12 06:55:22',52,NULL,NULL),(33,35,36,58,60,250000.00,'2024-05-13 06:56:01',52,NULL,NULL),(34,37,36,62,60,150000.00,'2024-06-02 07:05:29',52,NULL,NULL),(35,34,36,57,61,252763.00,'2024-06-03 07:34:05',52,NULL,NULL),(36,34,36,56,60,140000.00,'2023-10-28 10:10:55',52,NULL,NULL),(37,34,36,56,60,100000.00,'2023-11-17 10:11:04',52,NULL,NULL),(38,34,36,56,60,300000.00,'2023-12-16 10:11:10',52,NULL,NULL),(39,21,19,29,51,670.00,'2024-07-03 09:40:02',39,NULL,NULL),(41,31,19,47,50,1200.00,'2024-07-05 06:08:08',39,NULL,NULL),(42,21,33,29,54,25000.00,'2024-07-05 13:03:21',39,NULL,NULL),(43,33,31,54,53,55000.00,'2024-07-08 10:51:39',39,NULL,NULL),(44,31,31,52,53,4444.00,'2024-07-08 10:53:30',39,NULL,NULL),(45,33,45,55,66,85000.00,'2024-07-08 10:56:50',39,NULL,NULL),(46,46,47,67,70,80000.00,'2024-07-09 10:40:31',39,NULL,NULL),(47,47,46,69,68,6000.00,'2024-07-09 10:42:12',39,NULL,NULL),(48,47,48,69,74,8000.00,'2024-07-11 06:04:42',39,NULL,NULL),(49,48,47,74,69,8000.00,'2024-07-11 06:05:29',39,NULL,NULL),(50,49,50,75,79,5000.00,'2024-07-11 07:13:06',74,NULL,NULL),(51,49,52,76,81,75000.00,'2024-07-11 07:14:20',74,NULL,NULL),(52,49,50,77,78,9000.00,'2024-07-11 07:14:44',74,NULL,NULL),(53,50,52,79,81,4000.00,'2024-07-11 07:16:33',74,NULL,NULL),(54,56,48,87,72,5600.00,'2024-07-11 09:55:05',39,NULL,NULL),(55,56,57,87,88,650.00,'2024-07-11 10:54:33',39,NULL,NULL),(56,57,56,88,87,950.00,'2024-07-11 10:56:32',39,NULL,NULL),(57,46,47,68,69,750.00,'2024-07-11 12:33:20',39,NULL,NULL),(58,46,47,68,69,8000.00,'2024-07-11 12:49:21',39,NULL,NULL),(59,46,47,68,69,8700.00,'2024-07-11 13:22:50',39,NULL,NULL),(60,60,61,95,97,1000.00,'2024-07-12 09:25:56',81,NULL,NULL),(61,60,60,96,95,100.00,'2024-07-12 09:39:39',81,NULL,NULL),(62,33,31,54,53,8550.00,'2024-07-15 11:58:35',68,NULL,NULL),(63,19,33,50,55,85000.00,'2024-07-18 09:48:57',39,NULL,NULL),(64,33,19,54,51,6500.00,'2024-07-18 09:50:21',39,NULL,NULL),(65,19,21,50,29,2300.00,'2024-07-18 10:14:56',39,NULL,NULL),(66,34,64,56,102,85000.00,'2024-07-18 11:11:12',52,NULL,NULL),(67,34,36,56,61,90000.00,'2024-07-18 11:18:38',52,NULL,NULL),(68,36,34,61,57,62000.00,'2024-07-18 11:19:30',52,NULL,NULL),(69,35,34,59,56,35000.00,'2024-07-18 11:20:14',52,NULL,NULL),(70,65,67,105,111,50000.00,'2024-07-19 06:30:07',105,NULL,NULL),(71,65,67,105,111,50000.00,'2024-07-19 06:30:41',105,NULL,NULL),(72,65,67,106,110,10000.00,'2024-07-19 06:32:39',105,NULL,NULL),(73,47,33,69,55,95000.00,'2024-07-19 06:40:47',39,NULL,NULL),(74,69,70,115,119,10000.00,'2024-07-19 06:57:00',105,NULL,NULL),(75,69,71,116,121,10000.00,'2024-07-19 13:13:20',105,NULL,NULL),(76,69,71,116,121,10000.00,'2024-07-19 13:15:05',105,NULL,NULL),(77,33,19,122,112,767.00,'2024-07-19 13:29:58',68,NULL,NULL),(78,65,71,107,121,60000.00,'2024-07-19 13:31:03',110,NULL,NULL),(79,65,69,108,116,60000.00,'2024-07-19 13:31:58',110,NULL,NULL),(80,21,31,29,53,45453.00,'2024-07-19 13:32:16',39,NULL,NULL),(81,33,47,55,69,3435.00,'2024-07-19 13:37:35',68,NULL,NULL),(82,33,45,55,66,5645.00,'2024-07-19 13:37:54',68,NULL,NULL),(83,21,33,29,55,565555.00,'2024-07-19 13:39:35',68,NULL,NULL),(84,69,65,117,108,20000.00,'2024-07-19 13:44:33',114,NULL,NULL),(85,69,65,115,105,20000.00,'2024-07-19 13:46:10',114,NULL,NULL),(86,65,69,108,117,20000.00,'2024-07-19 13:50:32',114,NULL,NULL),(87,65,69,105,115,20000.00,'2024-07-19 13:50:58',114,NULL,NULL),(88,44,47,124,69,10000.00,'2024-07-19 14:00:36',115,NULL,NULL),(89,44,45,125,66,20000.00,'2024-07-19 14:01:03',115,NULL,NULL),(90,33,44,122,126,60000.00,'2024-07-19 14:01:35',115,NULL,NULL),(91,21,44,30,126,70000.00,'2024-07-19 14:02:12',115,NULL,NULL),(92,74,77,127,140,10000.00,'2024-07-22 06:23:20',105,NULL,NULL),(93,74,77,127,140,10000.00,'2024-07-22 06:23:54',105,NULL,NULL),(94,77,74,141,129,15000.00,'2024-07-22 06:33:19',105,NULL,NULL),(95,74,77,131,139,50000.00,'2024-07-22 06:41:51',105,NULL,NULL),(96,77,75,141,132,15000.00,'2024-07-22 06:47:48',117,NULL,NULL),(97,77,74,140,128,15000.00,'2024-07-22 06:49:00',117,NULL,NULL),(98,74,77,128,140,17000.00,'2024-07-22 07:21:24',116,NULL,NULL),(99,74,77,131,139,15000.00,'2024-07-22 07:23:02',116,NULL,NULL),(100,19,31,50,53,8000.00,'2024-07-23 13:14:09',39,'for extra expense',NULL),(101,31,31,47,52,2250.00,'2024-07-24 06:16:52',39,'for outside expense',NULL),(102,21,19,30,50,4500.00,'2024-07-24 06:27:18',39,'Employee salary expense',NULL),(103,19,44,50,126,5200.00,'2024-07-24 06:59:51',39,'Employee salary and other expense',NULL),(104,44,31,125,53,6900.00,'2024-07-24 07:01:11',39,'Grocery expense',NULL),(105,44,45,124,66,2580.00,'2024-07-24 07:04:52',39,'Office Boy expense',NULL),(106,47,33,69,54,3400.00,'2024-07-24 07:39:43',68,'Inside expense',NULL),(107,74,75,131,132,30000.00,'2024-07-24 10:24:56',105,'Best',NULL),(108,74,77,131,141,8000.00,'2024-07-24 10:26:40',105,'Social media Payment ',NULL),(109,74,77,128,140,10000.00,'2024-07-24 11:49:42',105,'Best',NULL),(110,75,74,133,128,10000.00,'2024-07-30 05:08:05',105,'Remark',NULL),(111,87,86,170,166,10000.00,'2024-07-30 09:30:21',147,'Website Payment',NULL),(112,88,86,175,165,20000.00,'2024-07-30 09:38:22',147,'SMM Payment',NULL),(113,86,87,166,170,15000.00,'2024-07-30 09:42:30',147,'Chadar',NULL),(114,19,21,50,28,2500.00,'2024-07-30 11:38:46',39,'dcascasc',NULL),(115,21,19,29,112,1250.00,'2024-07-30 11:45:03',39,'ctrhjyhr',NULL),(116,19,21,50,29,2000.00,'2024-07-30 12:33:31',39,'uyjkffy',NULL),(117,19,21,50,29,2000.00,'2024-07-30 12:34:06',39,'uyjkffy',NULL),(118,19,31,50,52,700.00,'2024-07-30 12:57:44',39,'gnfgngn',NULL),(119,19,31,50,52,700.00,'2024-07-30 12:58:28',39,'gnfgngn',NULL),(120,19,31,50,52,700.00,'2024-07-30 12:59:26',39,'gnfgngn',NULL),(121,19,31,50,52,700.00,'2024-07-30 12:59:44',39,'gnfgngn',NULL),(122,21,21,28,29,300.00,'2024-07-30 13:03:06',39,'yjtyja',NULL),(123,21,21,28,29,300.00,'2024-07-30 13:03:11',39,'yjtyja',NULL),(124,21,21,28,29,300.00,'2024-07-30 13:03:12',39,'yjtyja',NULL),(125,21,21,28,29,300.00,'2024-07-30 13:06:19',39,'yjtyja',NULL),(126,21,21,28,29,300.00,'2024-07-30 13:06:22',39,'yjtyja',NULL),(127,19,31,51,52,8000.00,'2024-07-30 13:11:34',39,'dsexd',NULL),(128,19,31,51,52,8000.00,'2024-07-30 13:11:38',39,'dsexd',NULL),(129,19,31,51,52,8000.00,'2024-07-30 13:11:39',39,'dsexd',NULL),(130,19,31,51,52,8000.00,'2024-07-30 13:11:39',39,'dsexd',NULL),(131,19,31,51,52,8000.00,'2024-07-30 13:11:39',39,'dsexd',NULL),(132,21,31,29,52,5000.00,'2024-07-30 13:22:00',39,'regr',NULL),(133,21,31,29,52,5000.00,'2024-07-30 13:22:25',39,'regr',NULL),(134,21,31,29,52,5000.00,'2024-07-30 13:22:33',39,'regr',NULL),(135,21,31,29,52,5000.00,'2024-07-30 13:22:36',39,'regr',NULL),(136,21,31,29,52,5000.00,'2024-07-30 13:22:50',39,'regr',NULL),(137,21,31,29,52,5000.00,'2024-07-30 13:27:09',39,'regr',NULL),(138,21,31,29,52,5000.00,'2024-07-30 13:27:11',39,'regr',NULL),(139,21,21,29,28,700.00,'2024-07-30 13:27:22',39,'wrweg',NULL),(140,21,21,29,28,700.00,'2024-07-30 13:27:25',39,'wrweg',NULL),(141,90,92,177,183,850000.00,'2024-07-31 05:52:40',148,'Employee salary expense',NULL),(142,90,92,177,183,850000.00,'2024-07-31 05:52:41',148,'Employee salary expense',NULL),(143,93,92,181,179,150000.00,'2024-07-31 05:55:27',148,'Other Expenses',NULL),(144,93,92,181,179,150000.00,'2024-07-31 05:55:30',148,'Other Expenses',NULL),(145,90,91,177,178,480000.00,'2024-07-31 05:58:50',148,'School Salary Expenses',NULL),(146,90,92,182,183,250000.00,'2024-07-31 05:59:41',148,'Returns',NULL),(147,90,93,182,181,770000.00,'2024-07-31 06:00:35',148,'Collection from Rohit',NULL),(148,92,91,183,185,320000.00,'2024-07-31 06:01:43',148,'Donation from Rupesh',NULL),(149,93,90,181,177,270000.00,'2024-07-31 06:17:31',148,'Other expense',NULL),(150,93,90,181,177,270000.00,'2024-07-31 06:17:32',148,'Other expense',NULL),(151,91,90,178,182,360000.00,'2024-07-31 06:17:54',148,'Other Expenses',NULL),(152,91,90,178,182,360000.00,'2024-07-31 06:17:55',148,'Other Expenses',NULL),(153,91,93,178,184,430000.00,'2024-07-31 06:27:12',148,'Paid for the Expenses',NULL),(154,93,91,184,185,765767.00,'2024-07-31 06:28:30',148,'Other Expenses',NULL),(155,90,91,177,185,77880.00,'2024-07-31 06:29:46',148,'Salary and Grocery Expenses',NULL),(156,92,91,183,185,560000.00,'2024-07-31 06:33:55',149,'Donation Purpose',NULL),(157,93,92,184,180,340000.00,'2024-07-31 06:34:46',149,'Investment Returns',NULL),(158,92,90,179,182,20000.00,'2024-07-31 06:35:48',149,'Investment Returns',NULL),(159,92,93,183,181,40000.00,'2024-07-31 07:12:03',148,'Other Expenses',NULL),(160,91,90,185,182,60000.00,'2024-07-31 07:15:10',148,'Emergency expense',NULL),(161,88,87,173,170,20000.00,'2024-07-31 10:46:28',147,'Pay on Happy faces to pulgam',NULL),(162,86,87,165,170,384524.00,'2024-07-31 11:57:29',147,'Payment',NULL),(163,86,88,168,174,20000.00,'2024-07-31 11:58:05',147,'Pay',NULL),(164,86,88,168,174,20000.00,'2024-07-31 11:58:06',147,'Pay',NULL),(165,31,33,52,122,8000.00,'2024-08-01 05:30:17',39,'c cxc',NULL),(166,21,19,30,50,2300.00,'2024-08-01 05:39:26',39,'Other Expenses',NULL),(167,19,21,50,29,2200.00,'2024-08-01 06:03:04',39,'',NULL),(168,31,21,52,29,8000.00,'2024-08-01 06:03:48',39,'',NULL),(169,33,46,55,67,5600.00,'2024-08-01 06:21:40',68,'',NULL),(170,33,19,55,51,4500.00,'2024-08-01 06:22:58',68,'',NULL),(171,46,19,68,51,200.00,'2024-08-01 06:52:47',68,'Office Boy expense',NULL),(172,90,91,182,178,50000.00,'2024-08-02 11:14:44',148,'Demo',NULL),(173,90,91,182,178,50000.00,'2024-08-02 11:14:44',148,'Demo',NULL),(174,90,91,182,178,50000.00,'2024-08-02 11:14:44',148,'Demo',NULL),(175,90,91,182,178,50000.00,'2024-08-02 11:14:44',148,'Demo',NULL),(176,90,91,182,178,50000.00,'2024-08-02 11:14:44',148,'Demo',NULL),(177,90,91,182,178,50000.00,'2024-08-02 11:14:44',148,'Demo',NULL),(178,90,91,182,178,50000.00,'2024-08-02 11:14:44',148,'Demo',NULL),(179,90,91,182,178,50000.00,'2024-08-02 11:14:44',148,'Demo',NULL),(180,90,91,182,178,50000.00,'2024-08-02 11:14:44',148,'Demo',NULL),(181,90,91,182,178,50000.00,'2024-08-02 11:14:44',148,'Demo',NULL),(182,90,91,182,178,50000.00,'2024-08-02 11:14:44',148,'Demo',NULL),(183,90,91,182,178,50000.00,'2024-08-02 11:14:44',148,'Demo',NULL),(184,90,91,182,178,50000.00,'2024-08-02 11:14:44',148,'Demo',NULL),(185,90,91,182,178,50000.00,'2024-08-02 11:14:45',148,'Demo',NULL),(186,90,91,182,178,50000.00,'2024-08-02 11:14:45',148,'Demo',NULL),(187,90,91,182,178,50000.00,'2024-08-02 11:14:45',148,'Demo',NULL),(188,90,91,182,178,50000.00,'2024-08-02 11:14:45',148,'Demo',NULL),(189,90,91,182,178,50000.00,'2024-08-02 11:14:45',148,'Demo',NULL),(190,90,91,182,178,50000.00,'2024-08-02 11:14:45',148,'Demo',NULL),(191,93,92,181,179,9.00,'2024-08-02 11:25:08',148,'',NULL),(192,90,91,177,178,9.00,'2024-08-02 11:26:35',148,'',NULL),(193,92,91,179,185,900.00,'2024-08-02 13:06:39',148,'k',NULL),(194,19,19,50,51,300.00,'2024-08-02 13:08:32',39,'',NULL),(195,92,90,180,177,9.00,'2024-08-02 13:19:06',148,'q',NULL),(196,31,21,52,29,3444.00,'2024-08-03 05:47:22',39,'',NULL),(197,31,31,52,52,300.00,'2024-08-03 05:47:58',39,'',NULL),(198,31,33,52,55,8000.00,'2024-08-03 05:48:26',39,'Other Expenses',NULL),(199,88,87,173,169,9000.00,'2024-08-03 06:46:02',147,'',NULL),(200,87,88,171,174,9.00,'2024-08-03 06:47:02',147,'o',NULL),(201,88,87,173,169,1.00,'2024-08-03 06:48:36',147,'',NULL),(202,88,87,174,171,12.00,'2024-08-03 06:48:56',147,'a',NULL),(203,88,97,174,187,12.00,'2024-08-03 06:49:24',147,'2',NULL),(204,87,97,169,187,12.00,'2024-08-03 06:49:57',147,'2',NULL),(205,86,97,165,187,1.00,'2024-08-03 06:50:11',147,'2',NULL),(206,97,87,187,169,2.00,'2024-08-03 06:50:23',147,'1',NULL),(207,97,88,190,173,90.00,'2024-08-03 07:01:51',147,',l',NULL),(208,86,97,165,187,3.00,'2024-08-03 07:25:05',147,'21',NULL),(209,97,87,189,170,21.00,'2024-08-03 07:25:18',147,'2',NULL),(210,86,97,166,187,21.00,'2024-08-03 07:25:32',147,'2',NULL),(211,94,87,192,170,122.00,'2024-08-03 07:29:45',153,'1',NULL),(212,86,94,166,192,12.00,'2024-08-03 07:30:18',153,'2',NULL),(213,94,87,192,169,12.00,'2024-08-03 07:30:28',153,'',NULL),(214,94,86,191,167,12.00,'2024-08-03 07:55:31',153,'2',NULL),(215,97,94,186,192,12.00,'2024-08-03 07:55:48',153,'2',NULL),(216,94,87,193,170,12.00,'2024-08-03 07:55:59',153,'1',NULL),(217,90,93,177,184,8000.00,'2024-08-03 08:12:18',148,'Other Expenses',NULL),(218,92,91,183,178,9000.00,'2024-08-03 08:13:30',148,'Other Expenses',NULL),(219,90,92,177,179,90000.00,'2024-08-03 09:40:05',148,'Employee salary expense',NULL),(220,93,91,181,185,15000.00,'2024-08-03 09:41:28',148,'Other Expenses',NULL),(221,92,93,179,181,8000.00,'2024-08-03 09:44:19',149,'Other Expenses',NULL),(222,86,87,167,169,90.00,'2024-08-05 10:31:27',147,'cfw',NULL),(223,86,97,168,190,2.00,'2024-08-05 10:41:19',147,'2',NULL),(224,87,97,171,186,1.00,'2024-08-05 10:42:35',147,'',NULL),(225,86,87,165,171,12.00,'2024-08-05 11:28:43',147,'1',NULL),(226,86,97,166,186,1.00,'2024-08-07 06:42:41',147,'2',NULL),(227,94,87,193,170,12.00,'2024-08-07 06:42:57',147,'1',NULL),(228,101,101,201,200,12000.00,'2024-08-08 05:36:21',156,'R',NULL),(229,101,101,201,200,12000.00,'2024-08-08 05:36:23',156,'R',NULL),(230,106,19,208,51,10000.00,'2024-08-09 06:19:39',39,'Fees',NULL),(231,106,19,208,51,10000.00,'2024-08-09 06:23:51',39,'Fees c',NULL),(232,33,33,122,122,10000.00,'2024-08-09 06:24:45',39,'h',NULL),(233,19,106,51,208,10000.00,'2024-08-09 06:26:08',39,'',NULL),(234,106,21,208,29,10000.00,'2024-08-09 06:27:09',39,'a',NULL),(235,33,106,55,208,10000.00,'2024-08-09 06:38:23',68,'S',NULL),(236,31,99,52,197,10000.00,'2024-08-09 06:41:56',68,'Food expenses',NULL),(237,76,33,135,122,10000.00,'2024-08-09 06:42:16',68,'Products',NULL),(238,46,46,67,67,10000.00,'2024-08-09 07:04:55',39,'',NULL),(239,47,62,69,163,10000.00,'2024-08-09 07:05:24',39,'s',NULL),(240,19,31,51,47,8000.00,'2024-08-13 12:10:44',39,'Other Expenses',NULL),(241,19,31,51,47,8000.00,'2024-08-13 12:10:44',39,'Other Expenses',NULL),(242,106,99,208,199,2000.00,'2024-08-13 12:11:12',39,'Inside expense',NULL),(243,21,47,29,69,10000.00,'2024-08-14 05:08:46',39,'Best',NULL),(244,19,31,50,53,2000.00,'2024-08-14 05:17:54',39,'',NULL),(245,62,46,163,68,700.00,'2024-08-14 05:18:18',39,'',NULL),(246,99,19,198,51,10000.00,'2024-08-14 05:18:49',39,'',NULL),(247,31,19,52,50,300.00,'2024-08-14 05:18:53',39,'',NULL),(248,31,19,52,50,300.00,'2024-08-14 05:18:53',39,'',NULL),(249,106,46,208,68,24000.00,'2024-08-14 06:45:43',39,'',NULL),(250,31,33,52,122,8000.00,'2024-08-14 06:56:44',39,'',NULL),(251,31,33,52,122,8000.00,'2024-08-14 06:56:45',39,'',NULL),(252,21,46,29,68,300.00,'2024-08-14 06:57:53',39,'',NULL),(253,47,21,69,211,85000.00,'2024-08-14 07:03:39',39,'Other Expenses',NULL),(254,47,21,69,211,85000.00,'2024-08-14 07:03:40',39,'Other Expenses',NULL),(255,19,33,51,122,7500.00,'2024-08-14 07:13:44',39,'',NULL),(256,19,33,51,122,7500.00,'2024-08-14 07:13:45',39,'',NULL),(257,33,46,54,68,75000.00,'2024-08-14 07:16:55',39,'Sweets',NULL),(258,45,31,66,47,45000.00,'2024-08-14 07:18:51',39,'21 Din Main Paisa Double',NULL),(259,31,21,47,28,1234.00,'2024-08-14 07:29:41',39,'',NULL),(260,31,21,47,28,1234.00,'2024-08-14 07:29:42',39,'',NULL),(261,106,45,208,66,2500.00,'2024-08-14 07:35:57',39,'',NULL),(262,106,45,208,66,2500.00,'2024-08-14 07:35:58',39,'',NULL),(263,31,62,101,163,6230.00,'2024-08-14 07:59:16',39,'',NULL),(264,99,45,199,66,5600.00,'2024-08-14 08:04:53',39,'Grocery expense',NULL),(265,106,45,208,64,4700.00,'2024-08-14 08:10:42',39,'',NULL),(266,106,45,208,64,4700.00,'2024-08-14 08:10:43',39,'',NULL),(267,84,33,224,122,6300.00,'2024-08-14 08:11:42',39,'',NULL),(268,84,33,224,122,6300.00,'2024-08-14 08:11:42',39,'',NULL),(269,111,106,225,208,7083.00,'2024-08-16 04:58:04',39,NULL,NULL),(270,106,111,208,227,1222.00,'2024-08-16 04:59:19',39,NULL,NULL),(271,99,106,199,229,5555.00,'2024-08-16 06:21:41',39,'',NULL),(272,99,106,199,229,999.00,'2024-08-16 06:26:50',39,'',NULL),(273,19,21,112,211,2244.00,'2024-08-16 06:30:34',39,'Other Expenses',NULL),(274,62,19,163,51,9875.00,'2024-08-16 06:31:43',39,'Grocery expense',NULL),(275,112,113,233,238,15000.00,'2024-08-16 06:47:29',39,'Quick Heal Protector Price for 1 year ( Desktop Security )',NULL),(276,112,113,236,237,17000.00,'2024-08-16 06:49:38',39,'This payment for event management for the 15th august independence day.',NULL),(277,112,113,232,239,24000.00,'2024-08-16 06:57:22',39,'This is receipt for the event that anniversary of quick heal ',NULL),(278,47,33,69,55,300.00,'2024-08-16 07:15:50',39,'',NULL),(279,47,33,69,55,300.00,'2024-08-16 07:15:50',39,'',NULL),(280,84,31,223,52,300.00,'2024-08-16 07:16:05',39,'',NULL),(281,84,31,223,52,300.00,'2024-08-16 07:16:06',39,'',NULL),(282,33,45,122,66,444.00,'2024-08-16 10:31:59',39,'',NULL),(283,44,62,164,163,300.00,'2024-08-16 10:32:45',39,'',NULL),(284,112,113,233,241,7555.00,'2024-08-17 06:46:24',39,'','payment'),(285,112,113,233,239,17000.00,'2024-08-17 06:51:33',39,'Independence day for expenses','payment'),(286,112,113,233,239,17000.00,'2024-08-17 06:51:33',39,'Independence day for expenses','payment'),(287,112,113,233,239,17000.00,'2024-08-17 06:51:33',39,'Independence day for expenses','payment'),(288,112,113,233,239,17000.00,'2024-08-17 06:51:33',39,'Independence day for expenses','payment'),(289,112,113,233,239,17000.00,'2024-08-17 06:51:35',39,'Independence day for expenses','payment'),(290,112,113,233,239,17000.00,'2024-08-17 06:51:35',39,'Independence day for expenses','payment'),(291,112,113,233,239,17000.00,'2024-08-17 06:51:35',39,'Independence day for expenses','payment'),(292,113,106,240,229,6778.00,'2024-08-17 06:52:59',39,'','payment'),(293,112,113,231,239,16000.00,'2024-08-17 06:55:37',39,'Quick Heal product price for 2 years license ','receipt'),(294,113,112,238,233,17000.00,'2024-08-17 06:56:42',39,'SA','payment'),(295,113,112,240,236,8855.00,'2024-08-17 07:06:06',39,'','receipt'),(296,31,31,220,220,2500.00,'2024-08-17 07:06:24',39,'','receipt'),(297,33,21,55,28,56000.00,'2024-08-17 10:08:23',39,'Payment','payment'),(298,84,99,223,198,67000.00,'2024-08-17 10:08:52',39,'Receipts','receipt'),(299,106,21,229,29,17000.00,'2024-08-17 10:13:59',39,'Receipt','receipt'),(300,31,31,47,52,2250.00,'2024-07-24 18:30:00',39,'for outside expense','payment'),(301,21,47,188,69,557.00,'2024-07-18 18:30:00',39,'Other Expenses','payment'),(302,21,21,30,211,222.00,'2024-08-11 18:30:00',39,'','payment'),(303,45,46,66,68,2330.00,'2024-08-04 18:30:00',39,'','payment'),(304,19,19,51,112,777.00,'2024-08-01 18:30:00',39,'','payment'),(305,31,21,52,188,326.00,'2024-08-04 18:30:00',39,'','payment'),(306,19,31,51,53,2522.00,'2024-08-05 18:30:00',39,'','payment'),(307,19,31,50,52,3666.00,'2024-07-31 18:30:00',39,'','payment'),(308,19,31,112,52,1123.00,'2024-08-07 18:30:00',39,'','payment'),(309,33,31,55,53,455.00,'2024-08-09 08:00:00',39,'','payment'),(310,44,19,214,112,1234.00,'2024-08-20 12:46:05',39,'','receipt'),(311,21,31,217,220,556.00,'2024-08-20 12:46:49',39,'','receipt'),(312,84,47,224,69,1212.00,'2024-08-16 05:00:00',39,'','receipt'),(313,19,31,112,52,300.00,'2024-08-13 12:30:00',39,'','payment'),(314,112,84,243,224,25556.00,'2024-08-20 05:30:00',39,'Employee salary expense','payment'),(315,33,62,122,163,300.00,'2024-08-21 06:14:00',68,'Other Expenses','payment'),(316,112,113,243,242,111.00,'2024-08-19 11:30:00',39,'','payment'),(317,106,19,230,51,4444.00,'2024-08-20 13:16:30',39,'Office Boy expense','payment'),(318,33,113,122,242,233.00,'2024-08-15 05:30:00',68,'Other Expenses','payment'),(319,19,31,50,220,3003.00,'2024-08-02 03:30:00',39,'dd','receipt'),(320,106,21,229,188,8855.00,'2024-08-09 17:30:00',39,'Other Expenses','receipt'),(321,113,19,238,203,6969.00,'2024-08-21 07:18:00',39,'','receipt'),(322,113,21,241,213,99999.00,'2024-08-29 07:25:45',68,'','receipt'),(323,46,33,221,145,2990.00,'2024-08-20 07:26:56',68,'','payment'),(324,113,33,239,143,8000.00,'2024-08-15 07:27:22',68,'','receipt'),(325,21,112,213,236,300.00,'2024-08-05 03:00:00',68,'','payment'),(326,33,33,143,55,700.00,'2024-08-30 07:36:18',68,'','receipt'),(327,21,112,29,236,663.00,'2024-08-23 07:04:24',39,'Other Expenses','payment'),(328,33,62,122,163,9956.00,'2024-08-23 07:04:41',39,'Inside expense','receipt'),(329,77,99,141,199,8855.00,'2024-08-23 07:06:35',70,'Office Boy expense','payment'),(330,33,77,55,139,4412.00,'2024-08-23 07:06:57',70,'Grocery expense','receipt'),(331,112,106,233,229,4553.00,'2024-08-23 07:18:42',39,'Office Boy expense','payment'),(332,45,31,66,52,2500.00,'2024-08-23 07:22:53',39,'Other Expenses','receipt'),(333,77,113,141,242,8000.00,'2024-08-23 07:32:06',70,'','payment'),(334,99,77,199,141,664.00,'2024-08-23 07:33:14',70,'Employee salary expense','receipt'),(335,31,99,220,199,2112.00,'2024-08-21 09:58:41',39,'','payment'),(336,44,45,214,66,8001.00,'2024-08-20 09:30:00',39,'Other Expenses','receipt'),(337,45,106,66,230,701.00,'2024-08-19 11:00:00',39,'','receipt'),(338,62,76,163,138,3011.00,'2024-08-16 09:00:00',68,'','payment'),(339,46,76,221,137,7022.00,'2024-08-16 06:30:00',68,'','payment'),(340,46,76,221,138,902.00,'2024-08-16 06:30:00',68,'','payment'),(341,33,47,122,69,11.00,'2024-08-17 09:00:00',68,'','payment'),(342,44,62,124,163,555.00,'2024-08-01 03:30:00',68,'','receipt'),(343,21,106,188,229,45000.00,'2024-08-27 22:54:11',39,'other trans','payment'),(344,19,113,50,240,7888.00,'2024-08-14 22:57:15',39,'pani wla','payment'),(345,19,21,50,188,6600.00,'2024-08-14 22:59:20',39,'pani wala','payment'),(346,113,111,240,228,9901.00,'2024-08-11 21:30:00',39,'uuu','payment'),(347,106,112,230,243,1101.00,'2024-08-02 10:00:00',39,'uhu','payment'),(348,99,84,199,223,33.00,'2024-08-05 07:30:00',39,'Other Expenses','payment'),(349,113,119,237,250,70000.00,'2024-08-30 05:51:35',39,'Website Costing','payment'),(350,119,113,250,237,20000.00,'2024-08-30 05:58:40',39,'Website New','payment'),(351,113,119,237,250,30000.00,'2024-08-30 05:59:59',39,'Website Building','payment'),(352,19,119,112,252,5566.00,'2024-08-30 06:19:38',39,'For some personal expense','payment'),(353,113,119,238,249,6366.00,'2024-08-30 06:21:41',39,'My expense','receipt'),(354,19,21,51,29,6331.00,'2024-07-31 06:56:44',39,'Other Expenses','payment'),(355,19,46,203,221,1236.00,'2024-06-30 06:58:53',39,'','payment'),(356,19,33,51,156,5223.00,'2024-06-29 18:30:00',39,'','payment'),(357,21,19,213,112,633.00,'2024-06-30 18:30:00',39,'','receipt'),(358,21,19,217,51,223.00,'2024-06-30 18:30:00',39,'','receipt'),(359,119,19,250,216,855.00,'2024-07-01 07:30:00',39,'','receipt'),(360,112,119,243,247,7777.00,'2024-08-30 07:11:55',39,'Transac','payment'),(361,119,33,250,54,8888.00,'2024-08-30 07:12:22',39,'Other Expenses','receipt'),(362,19,119,112,249,994.00,'2024-07-30 18:30:00',39,'','payment'),(363,19,119,112,249,544.00,'2024-07-31 18:30:00',39,'','payment'),(364,19,111,112,225,300.00,'2024-06-30 06:00:00',39,'','payment'),(365,19,113,112,238,700.00,'2024-06-30 06:30:00',39,'','payment'),(366,19,33,112,148,313.00,'2024-06-30 18:00:00',39,'','payment'),(367,19,111,112,228,664.00,'2024-06-29 19:00:00',39,'','payment'),(368,19,99,112,197,3132.00,'2024-06-30 18:30:00',39,'','payment'),(369,19,33,112,152,212.00,'2024-07-01 06:30:00',39,'','payment'),(370,62,119,163,247,213.00,'2024-07-31 18:30:00',86,'','payment'),(371,62,33,163,122,521.00,'2024-08-01 06:30:00',86,'','payment'),(372,119,21,253,30,7000.00,'2024-08-31 05:28:09',39,'000','payment'),(373,119,21,251,256,8000.00,'2024-08-31 05:28:34',39,'000','payment'),(374,21,119,29,252,6000.00,'2024-08-31 05:28:53',39,'000','payment'),(375,21,119,28,251,9000.00,'2024-08-31 05:29:12',39,'000','payment'),(376,21,119,28,251,9000.00,'2024-08-31 05:29:12',39,'000','payment'),(377,19,84,112,223,12.00,'2024-08-31 05:36:49',39,'hgk','payment'),(378,19,47,112,69,21.00,'2024-08-31 05:37:53',39,'ghcg','receipt'),(379,21,119,217,251,8000.00,'2024-08-31 05:38:41',39,'000','payment'),(380,21,119,217,251,8000.00,'2024-08-31 05:38:41',39,'000','payment'),(381,21,119,217,251,8000.00,'2024-08-31 05:38:41',39,'000','payment'),(382,21,119,217,251,8000.00,'2024-08-31 05:38:41',39,'000','payment'),(383,19,33,112,154,561.00,'2024-08-31 05:39:46',39,'','payment'),(384,31,31,47,52,561.00,'2024-07-24 18:30:00',39,'for outside expense','payment'),(385,21,19,29,51,670.00,'2024-08-29 18:30:00',39,'for outside expense','receipt'),(386,119,19,253,142,212.00,'2024-08-22 11:38:19',39,'other','payment'),(387,119,19,260,255,2317.00,'2024-08-05 11:39:23',39,'fv','receipt'),(388,19,119,255,254,541.00,'2024-07-18 11:39:44',39,'','receipt'),(389,19,19,50,50,40000.00,'2024-08-31 12:11:54',39,'Pay','payment'),(390,19,19,50,50,666.00,'2024-08-31 12:13:59',39,'','payment'),(391,19,19,50,50,666.00,'2024-08-31 12:13:59',39,'','payment'),(392,119,112,252,236,30000.00,'2024-08-31 12:14:36',39,'2222','payment'),(393,119,112,251,233,45000.00,'2024-08-31 12:48:17',39,'0000000','payment'),(394,119,112,251,233,45000.00,'2024-08-31 12:48:17',39,'0000000','payment'),(395,119,112,251,233,45000.00,'2024-08-31 12:48:17',39,'0000000','payment'),(396,119,47,264,69,3000.00,'2024-09-02 05:59:20',39,'edas','payment'),(397,119,47,264,69,3000.00,'2024-09-02 05:59:20',39,'edas','payment'),(398,19,99,112,197,203.00,'2024-09-02 06:27:43',39,'','payment'),(399,33,119,148,246,656.00,'2024-09-02 06:28:36',39,'','payment'),(400,19,45,51,66,553.00,'2024-09-02 06:29:23',39,'','payment'),(401,19,21,255,256,523.00,'2024-09-02 06:31:28',39,'','payment'),(402,21,21,256,258,210.00,'2024-09-02 06:32:13',39,'','receipt'),(403,21,21,256,258,444.00,'2024-09-02 06:35:28',39,'','payment'),(404,19,33,112,148,777.00,'2024-12-23 18:30:00',39,'','payment'),(405,19,31,112,53,117.00,'2024-12-24 18:30:00',39,'','payment'),(406,99,19,199,112,277.00,'2024-12-30 11:33:19',39,'','receipt'),(407,119,19,248,112,377.00,'2024-12-31 18:30:00',39,'','receipt'),(408,112,119,232,250,40000.00,'2024-02-15 11:30:00',39,'0000','payment'),(409,21,19,222,112,477.00,'2025-02-03 11:36:31',39,'','receipt'),(410,33,19,55,112,577.00,'2025-03-19 11:37:14',39,'','receipt'),(411,112,19,232,112,677.00,'2025-05-17 11:37:48',39,'','receipt'),(412,19,33,112,153,622.00,'2025-10-17 13:14:30',39,'','payment'),(413,19,33,112,149,511.00,'2023-07-05 13:15:04',39,'','payment'),(414,19,33,112,151,35.00,'2025-01-28 06:06:23',39,'','payment'),(415,19,33,112,153,65.00,'2025-01-31 06:06:43',39,'','payment'),(416,19,46,112,68,656.00,'2025-02-01 06:06:58',39,'','payment'),(417,19,62,112,163,645.00,'2025-02-04 06:07:20',39,'','payment'),(418,19,33,112,156,326.00,'2025-02-03 06:07:46',39,'','payment'),(419,132,21,265,28,445.00,'2025-01-02 11:11:04',39,'','payment'),(420,132,33,266,154,99.00,'2025-02-01 11:11:45',39,'','payment'),(421,133,132,268,265,30000.00,'2024-09-03 11:34:15',39,'','payment'),(422,21,133,188,273,50000.00,'2024-09-03 11:35:07',39,'','payment'),(423,133,31,269,53,60000.00,'2024-09-03 11:35:44',39,'','payment'),(424,19,33,244,54,30000.00,'2024-09-03 11:47:00',39,'','payment'),(425,19,21,244,222,39000.00,'2024-04-03 11:47:13',39,'','payment'),(426,19,33,112,55,56000.00,'2024-03-03 11:50:42',39,'','payment'),(427,19,21,244,29,9000.00,'2024-01-01 11:51:21',39,'','payment'),(428,19,21,244,29,67000.00,'2024-02-22 11:53:12',39,'','payment'),(429,19,19,51,203,90000.00,'2023-12-11 11:53:53',39,'','payment'),(430,19,19,112,255,56463.00,'2024-09-03 12:22:41',39,'','payment'),(431,19,31,112,52,230.00,'2024-09-03 12:24:23',39,'','payment'),(432,19,21,244,188,562.00,'2024-09-03 12:38:53',39,'','payment'),(433,19,46,255,67,524.00,'2024-09-03 12:58:16',39,'','payment'),(434,19,19,112,218,634.00,'2024-09-03 12:58:36',39,'','payment'),(435,19,33,112,150,633.00,'2024-09-03 13:04:11',39,'','payment'),(436,19,133,51,268,700.00,'2024-09-03 13:05:48',39,'','payment'),(437,19,19,218,255,879.00,'2024-09-03 13:06:04',39,'','payment'),(438,19,21,50,211,80000.00,'2024-09-03 13:06:19',39,'','payment'),(439,19,19,218,262,900000.00,'2024-09-03 13:07:15',39,'','payment'),(440,21,19,28,203,257.00,'2024-09-03 13:49:03',39,'','receipt'),(441,19,19,218,51,123.00,'2024-09-03 13:49:19',39,'','receipt'),(442,33,33,55,147,300.00,'2024-09-03 13:54:18',68,'','payment'),(443,33,33,54,143,300.00,'2024-09-03 13:55:17',68,'','payment'),(444,33,33,122,149,300.00,'2024-09-03 13:55:43',68,'','receipt'),(445,19,21,112,28,9000.00,'2024-09-04 09:42:24',39,'','payment'),(446,21,19,222,51,8000.00,'2024-09-04 09:42:58',39,'','receipt'),(447,19,31,255,220,5566.00,'2024-09-04 09:56:07',39,'Other Expenses','payment'),(448,77,133,140,268,68888.00,'2024-09-02 09:59:43',70,'','payment'),(449,19,19,50,50,8000.00,'2024-09-05 05:53:33',39,'','payment'),(450,19,21,255,29,8000.00,'2024-09-05 05:56:22',39,'','payment'),(451,21,19,30,112,7000.00,'2024-09-05 05:56:51',39,'','receipt'),(452,31,31,47,52,2250.00,'2024-07-24 18:30:00',39,'for outside expense','payment'),(453,19,19,203,255,9000.00,'2024-05-07 06:55:18',39,'','payment'),(454,31,31,47,52,2250.00,'2024-07-24 18:30:00',39,'for outside expense','payment'),(455,19,19,216,203,8333.00,'2024-09-06 11:30:18',39,'','payment'),(456,19,19,112,277,23.00,'2024-09-06 11:42:19',39,'','payment'),(457,19,19,142,203,300.00,'2024-09-06 11:42:36',39,'','payment'),(458,19,19,50,255,700.00,'2024-09-06 11:45:58',39,'','payment'),(459,19,19,50,203,300.00,'2024-09-06 11:52:49',39,'','payment'),(460,33,33,55,147,300.00,'2024-09-06 11:57:19',68,'','payment'),(461,33,33,146,122,300.00,'2024-09-06 11:59:08',68,'','receipt'),(462,33,33,150,54,332.00,'2024-09-06 12:07:00',68,'','receipt'),(463,33,33,149,122,666.00,'2024-09-06 12:08:31',68,'','receipt'),(464,33,33,145,148,300.00,'2024-09-06 12:09:03',68,'','payment'),(465,21,33,256,150,8000.00,'2024-09-06 12:09:39',68,'','payment'),(466,33,33,147,151,300.00,'2024-09-06 12:11:33',68,'','payment'),(467,31,31,47,52,2250.00,'2024-07-24 18:30:00',39,'for outside expense','payment'),(468,31,31,47,52,67.00,'2024-09-10 06:28:00',39,'Rem','payment'),(469,31,31,47,52,2250.00,'2024-07-24 18:30:00',39,'for outside expense','payment'),(470,31,31,47,52,2250.00,'2024-07-24 18:30:00',39,'for outside expense','payment'),(471,19,33,112,148,8000.00,'2024-09-10 11:51:15',39,'','payment'),(472,21,133,215,269,700.00,'2024-09-10 11:51:50',39,'','receipt'),(473,133,19,271,50,2000.00,'2024-09-10 11:57:30',39,'','receipt'),(474,92,90,183,182,1170000.00,'2024-09-10 12:24:18',148,'','receipt'),(475,91,90,185,177,1679547.00,'2024-09-10 12:26:49',148,'','receipt'),(476,92,92,180,183,149000.00,'2024-09-10 12:28:29',148,'','payment'),(477,93,93,181,184,667767.00,'2024-09-10 12:30:22',148,'','receipt'),(478,92,93,179,181,8000.00,'2024-09-10 12:34:10',148,'','payment'),(479,92,91,180,178,23000.00,'2024-09-10 12:36:17',148,'','receipt'),(480,91,93,178,181,85000.00,'2024-09-11 05:11:29',148,'','payment'),(481,91,90,178,177,26000.00,'2024-09-11 05:11:57',148,'','receipt'),(482,90,92,177,179,95000.00,'2024-09-11 05:12:16',148,'','receipt'),(483,93,92,181,180,68000.00,'2024-09-11 05:12:54',148,'','payment'),(484,93,92,181,179,22000.00,'2024-09-11 05:13:07',148,'','payment'),(485,92,90,179,177,65000.00,'2024-09-11 05:13:27',148,'','receipt'),(486,90,90,291,177,1000.00,'2024-09-11 06:23:06',148,'flat emi','receipt'),(487,90,90,177,291,5000.00,'2024-09-11 06:24:08',148,'Revrse ','payment'),(488,90,90,291,177,5000.00,'2024-09-11 06:25:04',148,'Other Expenses','payment'),(489,90,90,177,291,8000.00,'2024-09-11 06:46:34',148,'','payment'),(490,19,19,216,277,8000.00,'2024-09-11 08:54:45',39,'Pay','payment'),(491,31,31,47,52,2250.00,'2024-07-24 18:30:00',39,'for outside expense','payment'),(492,19,19,112,244,12092024.00,'2024-09-12 07:53:00',39,'12 sept','payment'),(493,128,132,284,265,50000.00,'2024-09-12 08:57:00',39,'Sahajach','payment'),(494,19,62,244,163,6775.00,'2024-09-12 09:28:00',39,'Just Now','payment'),(495,19,62,244,163,6775.00,'2024-09-12 09:28:00',39,'Just Now','payment'),(496,19,62,244,163,6775.00,'2024-09-12 09:28:00',39,'Just Now','payment'),(497,19,62,244,163,6775.00,'2024-09-12 09:28:00',39,'Just Now','payment'),(498,19,21,112,28,77.00,'2024-09-12 09:28:00',39,'Test','payment'),(499,19,19,216,262,77.00,'2024-09-12 09:28:00',39,'Test','payment'),(500,19,19,216,262,77.00,'2024-09-12 09:28:00',39,'Test','payment'),(501,19,19,50,50,76.00,'2024-09-12 09:28:00',39,'Test','payment'),(502,19,19,112,262,76.00,'2024-09-12 09:28:00',39,'Test','payment'),(503,19,19,51,218,5.00,'2024-09-12 09:28:00',39,'Test','payment'),(504,19,19,216,255,5.00,'2024-09-12 09:28:00',39,'Test','payment'),(505,19,19,216,255,5.00,'2024-09-12 09:28:00',39,'Test','payment'),(506,19,19,216,216,5.00,'2024-09-12 09:28:00',39,'Test','payment'),(507,19,19,216,216,5.00,'2024-09-12 09:28:00',39,'Test','payment'),(508,19,19,216,216,5.00,'2024-09-12 09:28:00',39,'Test','payment'),(509,19,19,203,218,5.00,'2024-09-12 09:28:00',39,'Test','payment'),(510,19,19,218,262,2.00,'2024-09-12 10:39:00',39,'test','payment'),(511,19,33,244,149,2.00,'2024-09-12 10:39:00',39,'test','payment'),(512,128,19,284,112,2.00,'2024-09-12 10:39:00',39,'test','payment'),(513,19,21,262,29,9000.00,'2024-09-12 11:24:59',39,'Pay','payment'),(514,19,33,51,154,5656.00,'2024-09-12 11:58:00',39,'Test4','payment'),(515,93,93,181,292,5000.00,'2024-09-13 06:46:11',150,'','payment');
/*!40000 ALTER TABLE `tbl_transactions` ENABLE KEYS */;
UNLOCK TABLES;

--
-- Table structure for table `tbl_user_firm`
--

DROP TABLE IF EXISTS `tbl_user_firm`;
/*!40101 SET @saved_cs_client     = @@character_set_client */;
/*!50503 SET character_set_client = utf8mb4 */;
CREATE TABLE `tbl_user_firm` (
  `uf_id` int NOT NULL AUTO_INCREMENT,
  `user_id` int DEFAULT NULL,
  `firm_id` int DEFAULT NULL,
  `uf_usr_role` enum('Super Admin','firm_user') DEFAULT NULL,
  `uf_created_at` timestamp NULL DEFAULT CURRENT_TIMESTAMP,
  `uf_updated_at` timestamp NULL DEFAULT CURRENT_TIMESTAMP ON UPDATE CURRENT_TIMESTAMP,
  `added_by_user_id` int DEFAULT NULL,
  PRIMARY KEY (`uf_id`)
) ENGINE=InnoDB AUTO_INCREMENT=300 DEFAULT CHARSET=utf8mb4 COLLATE=utf8mb4_0900_ai_ci;
/*!40101 SET character_set_client = @saved_cs_client */;

--
-- Dumping data for table `tbl_user_firm`
--

LOCK TABLES `tbl_user_firm` WRITE;
/*!40000 ALTER TABLE `tbl_user_firm` DISABLE KEYS */;
INSERT INTO `tbl_user_firm` VALUES (1,1,2,NULL,'2024-06-11 12:42:10','2024-06-11 12:42:10',NULL),(2,2,2,NULL,'2024-06-11 12:42:10','2024-06-11 12:42:10',NULL),(3,1,2,NULL,'2024-06-11 12:42:10','2024-06-11 12:42:10',NULL),(4,22,2,NULL,'2024-06-11 12:42:10','2024-06-11 12:42:10',NULL),(5,27,1,NULL,'2024-06-11 12:42:10','2024-06-11 12:42:10',NULL),(6,28,11,'Super Admin','2024-06-11 12:42:10','2024-06-11 12:42:10',NULL),(8,28,14,'Super Admin','2024-06-12 06:37:46','2024-06-12 06:37:46',NULL),(12,39,19,'Super Admin','2024-06-12 10:41:13','2024-06-12 10:41:13',NULL),(13,39,21,'Super Admin','2024-06-12 10:47:46','2024-06-12 10:47:46',NULL),(15,51,23,'Super Admin','2024-06-17 10:07:51','2024-06-17 10:07:51',NULL),(16,51,24,'Super Admin','2024-06-17 10:09:06','2024-06-17 10:09:06',NULL),(17,51,25,'Super Admin','2024-06-17 10:14:49','2024-06-17 10:14:49',NULL),(18,51,26,'Super Admin','2024-06-17 11:28:37','2024-06-17 11:28:37',NULL),(23,39,31,'Super Admin','2024-06-19 12:50:24','2024-06-19 12:50:24',NULL),(25,39,33,'Super Admin','2024-06-21 10:26:24','2024-06-21 10:26:24',NULL),(26,52,34,'Super Admin','2024-06-26 06:17:59','2024-06-26 06:17:59',NULL),(27,52,35,'Super Admin','2024-06-26 06:32:18','2024-06-26 06:32:18',NULL),(28,52,36,'Super Admin','2024-06-26 06:36:32','2024-06-26 06:36:32',NULL),(29,52,37,'Super Admin','2024-06-26 06:48:44','2024-06-26 06:48:44',NULL),(37,61,33,NULL,'2024-07-08 07:40:47','2024-07-08 07:40:47',NULL),(42,39,46,'Super Admin','2024-07-09 10:37:59','2024-07-09 10:37:59',NULL),(45,69,32,'firm_user','2024-07-10 05:51:29','2024-08-09 06:47:29',39),(46,70,77,'firm_user','2024-07-10 06:59:21','2024-08-17 13:35:33',39),(53,74,49,'Super Admin','2024-07-11 07:09:36','2024-07-11 07:09:36',NULL),(54,74,50,'Super Admin','2024-07-11 07:10:01','2024-07-11 07:10:01',NULL),(56,74,52,'Super Admin','2024-07-11 07:11:25','2024-07-11 07:11:25',NULL),(57,75,53,'Super Admin','2024-07-11 07:23:06','2024-07-11 07:23:06',NULL),(58,75,54,'Super Admin','2024-07-11 07:32:13','2024-07-11 07:32:13',NULL),(59,74,55,'Super Admin','2024-07-11 07:55:40','2024-07-11 07:55:40',NULL),(60,76,54,'firm_user','2024-07-11 09:41:01','2024-07-11 09:41:01',75),(66,80,58,'Super Admin','2024-07-11 12:53:00','2024-07-11 12:53:00',NULL),(67,80,59,'Super Admin','2024-07-11 12:53:45','2024-07-11 12:53:45',NULL),(68,81,60,'Super Admin','2024-07-12 05:47:32','2024-07-12 05:47:32',NULL),(69,81,61,'Super Admin','2024-07-12 06:11:28','2024-07-12 06:11:28',NULL),(70,82,60,'firm_user','2024-07-12 06:51:11','2024-07-12 06:51:11',81),(71,83,60,'firm_user','2024-07-12 06:51:47','2024-07-12 06:51:47',81),(72,84,61,'firm_user','2024-07-12 09:24:25','2024-07-12 09:24:25',81),(73,39,62,'Super Admin','2024-07-12 10:21:39','2024-07-12 10:21:39',NULL),(75,86,62,'firm_user','2024-07-12 12:22:46','2024-07-18 07:26:42',39),(78,52,64,'Super Admin','2024-07-18 11:10:14','2024-07-18 11:10:14',NULL),(80,101,35,'firm_user','2024-07-18 11:14:32','2024-07-18 11:14:32',52),(81,102,34,'firm_user','2024-07-18 11:15:47','2024-07-18 11:15:47',52),(82,103,37,'firm_user','2024-07-18 11:16:26','2024-07-18 11:16:26',52),(83,104,36,'firm_user','2024-07-18 11:17:11','2024-07-18 11:17:11',52),(98,105,74,'Super Admin','2024-07-22 06:12:41','2024-07-22 06:12:41',NULL),(99,105,75,'Super Admin','2024-07-22 06:13:02','2024-07-22 06:13:02',NULL),(100,105,76,'Super Admin','2024-07-22 06:13:51','2024-07-22 06:13:51',NULL),(101,105,77,'Super Admin','2024-07-22 06:21:21','2024-07-22 06:21:21',NULL),(102,116,74,'firm_user','2024-07-22 06:44:06','2024-07-22 06:44:06',105),(103,117,77,'firm_user','2024-07-22 06:45:33','2024-07-22 06:45:33',105),(111,145,80,'Super Admin','2024-07-24 07:21:12','2024-07-24 07:21:12',NULL),(112,145,81,'Super Admin','2024-07-24 07:31:47','2024-07-24 07:31:47',NULL),(113,145,82,'Super Admin','2024-07-24 07:32:52','2024-07-24 07:32:52',NULL),(117,147,86,'Super Admin','2024-07-30 06:14:36','2024-07-30 06:14:36',NULL),(118,147,87,'Super Admin','2024-07-30 06:18:07','2024-07-30 06:18:07',NULL),(119,147,88,'Super Admin','2024-07-30 06:22:51','2024-07-30 06:22:51',NULL),(121,148,90,'Super Admin','2024-07-31 04:54:46','2024-07-31 04:54:46',NULL),(122,148,91,'Super Admin','2024-07-31 05:18:43','2024-07-31 05:18:43',NULL),(123,148,92,'Super Admin','2024-07-31 05:19:46','2024-07-31 05:19:46',NULL),(124,148,93,'Super Admin','2024-07-31 05:24:53','2024-07-31 05:24:53',NULL),(125,149,92,'firm_user','2024-07-31 05:36:27','2024-07-31 05:36:27',148),(126,150,93,'firm_user','2024-07-31 05:38:25','2024-07-31 05:38:25',148),(127,147,94,'Super Admin','2024-07-31 06:42:23','2024-07-31 06:42:23',NULL),(128,147,95,'Super Admin','2024-07-31 06:43:42','2024-07-31 06:43:42',NULL),(129,147,96,'Super Admin','2024-07-31 06:44:31','2024-07-31 06:44:31',NULL),(133,68,33,'firm_user','2024-08-02 09:41:56','2024-08-02 10:52:50',39),(134,68,46,'firm_user','2024-08-02 09:41:56','2024-08-02 10:52:50',39),(136,68,21,'firm_user','2024-08-02 09:41:56','2024-08-02 10:52:50',39),(143,147,97,'Super Admin','2024-08-03 05:49:03','2024-08-03 05:49:03',NULL),(145,153,94,'firm_user','2024-08-03 07:27:27','2024-08-03 07:27:27',147),(148,147,100,'Super Admin','2024-08-06 12:36:05','2024-08-06 12:36:05',NULL),(149,156,101,'Super Admin','2024-08-07 09:46:07','2024-08-07 09:46:07',NULL),(150,156,102,'Super Admin','2024-08-07 09:46:52','2024-08-07 09:46:52',NULL),(151,156,103,'Super Admin','2024-08-07 10:08:36','2024-08-07 10:08:36',NULL),(152,156,104,'Super Admin','2024-08-07 10:18:46','2024-08-07 10:18:46',NULL),(273,175,19,'firm_user','2024-08-31 05:22:05','2024-08-31 05:22:05',39),(276,175,21,'firm_user','2024-08-31 05:22:22','2024-08-31 05:22:22',39),(277,175,31,'firm_user','2024-08-31 05:22:22','2024-08-31 05:22:22',39),(281,39,127,'Super Admin','2024-09-02 13:05:56','2024-09-02 13:05:56',NULL),(282,39,128,'Super Admin','2024-09-02 13:08:11','2024-09-02 13:08:11',NULL),(283,39,129,'Super Admin','2024-09-02 13:09:06','2024-09-02 13:09:06',NULL),(284,39,130,'Super Admin','2024-09-02 13:10:30','2024-09-02 13:10:30',NULL),(285,39,131,'Super Admin','2024-09-03 05:57:36','2024-09-03 05:57:36',NULL),(286,68,19,'firm_user','2024-09-03 10:30:48','2024-09-03 10:30:48',39),(287,68,130,'firm_user','2024-09-03 10:30:49','2024-09-03 10:30:49',39),(288,39,132,'Super Admin','2024-09-03 11:07:25','2024-09-03 11:07:25',NULL),(289,178,19,'firm_user','2024-09-03 11:10:52','2024-09-03 11:10:52',39),(290,39,133,'Super Admin','2024-09-03 11:28:41','2024-09-03 11:28:41',NULL),(292,160,112,'firm_user','2024-09-04 05:42:56','2024-09-04 05:42:56',39),(293,160,113,'firm_user','2024-09-04 05:42:56','2024-09-04 05:42:56',39),(294,160,99,'firm_user','2024-09-04 05:42:56','2024-09-04 05:42:56',39),(295,160,84,'firm_user','2024-09-04 05:42:56','2024-09-04 05:42:56',39),(296,39,135,'Super Admin','2024-09-06 06:53:53','2024-09-06 06:53:53',NULL),(297,39,136,'Super Admin','2024-09-09 06:30:17','2024-09-09 06:30:17',NULL),(298,39,137,'Super Admin','2024-09-13 11:59:30','2024-09-13 11:59:30',NULL),(299,198,31,'firm_user','2024-09-13 13:36:32','2024-09-13 13:36:32',39);
/*!40000 ALTER TABLE `tbl_user_firm` ENABLE KEYS */;
UNLOCK TABLES;

--
-- Table structure for table `tbl_users`
--

DROP TABLE IF EXISTS `tbl_users`;
/*!40101 SET @saved_cs_client     = @@character_set_client */;
/*!50503 SET character_set_client = utf8mb4 */;
CREATE TABLE `tbl_users` (
  `user_id` int NOT NULL AUTO_INCREMENT,
  `usr_name` varchar(255) NOT NULL,
  `usr_email` varchar(255) NOT NULL,
  `usr_password` varchar(255) NOT NULL,
  `usr_contact` varchar(255) NOT NULL,
  `usr_address` varchar(255) NOT NULL,
  `usr_status` enum('Active','Inactive') NOT NULL DEFAULT 'Active',
  `usr_role` enum('Super Admin','firm_user') NOT NULL DEFAULT 'Super Admin',
  `usr_created_at` timestamp NULL DEFAULT CURRENT_TIMESTAMP,
  `usr_updated_at` timestamp NULL DEFAULT CURRENT_TIMESTAMP ON UPDATE CURRENT_TIMESTAMP,
  PRIMARY KEY (`user_id`),
  UNIQUE KEY `usr_email` (`usr_email`)
) ENGINE=InnoDB AUTO_INCREMENT=199 DEFAULT CHARSET=utf8mb4 COLLATE=utf8mb4_0900_ai_ci;
/*!40101 SET character_set_client = @saved_cs_client */;

--
-- Dumping data for table `tbl_users`
--

LOCK TABLES `tbl_users` WRITE;
/*!40000 ALTER TABLE `tbl_users` DISABLE KEYS */;
INSERT INTO `tbl_users` VALUES (1,'rushi','rr@gmail','ttttyyyy','4545344444','Pune','Active','Super Admin','2024-06-06 11:42:23','2024-06-06 11:42:23'),(2,'abhi','abhi@gmail.com','ygasck','5655555557','Sangli','Active','Super Admin','2024-06-06 11:42:23','2024-06-06 11:42:23'),(3,'John Doe','john.doe@example.com','securepassword','1234567890','123 Main St','Active','Super Admin','2024-06-06 11:42:23','2024-06-06 11:42:23'),(5,'Abhi','abhi@@example.com','ttttttt','1234567890','123 Main St','Active','firm_user','2024-06-06 11:42:23','2024-06-06 11:42:23'),(8,'Abhi','abhi@example.com','ttttttt','1234567890','123 Main St','Active','firm_user','2024-06-06 11:42:23','2024-06-06 11:42:23'),(12,'Abhiii','abhiii@example.com','ttttttt','1234567890','123 Main St','Active','firm_user','2024-06-06 11:42:23','2024-06-06 11:42:23'),(13,'Yashh','Yash@example.com','ttttttt','1111155555','123 Main St','Active','firm_user','2024-06-06 11:42:23','2024-06-06 11:42:23'),(15,'Yashh','Yash1@example.com','ttttttt','1111155555','123 Main St','Active','firm_user','2024-06-06 11:42:23','2024-06-06 11:42:23'),(19,'Shubham','shubham@example.com','ttttttt','1111155555','123 Main St','Active','firm_user','2024-06-06 11:42:23','2024-06-06 11:42:23'),(21,'Yash','akhi@example.com','ttttttt','1111155555','123 Main St','Active','firm_user','2024-06-06 11:42:23','2024-06-06 11:42:23'),(23,'Saurabh','saurabh@gmail.com','ttttttt','1111155555','123 Main St','Active','Super Admin','2024-06-06 11:42:23','2024-06-06 11:42:23'),(24,'Akash','akash@gmail.com','ttttttt','1111155555','123 Main St','Active','Super Admin','2024-06-06 11:42:23','2024-06-06 11:42:23'),(26,'Sayali','sayali@gmail.com','ttttttt','2222255555','123 Main St','Active','Super Admin','2024-06-06 11:42:23','2024-06-06 11:42:23'),(27,'Shubhangi','shubhangi@gmail.com','ttttttt','2222233333','123 Main St','Active','Super Admin','2024-06-06 11:42:23','2024-06-06 11:42:23'),(28,'Rahul','rahul@gmail.com','$2b$10$TZ5sW0dA.Ayv1B8Gbrvre.nBIbhltZxgtIEJWK2RmmIhSsnC0eqJS','4444455555','123 Main St','Active','Super Admin','2024-06-06 11:42:23','2024-06-06 11:42:23'),(29,'Ganesh','ganesh@gmail.com','$2b$10$z4PD/3pIjfL50B5BP29TCeY5bYLmA2I3GbRkyqBpyq8dVpTpPzTN2','4444477777','123 Main St','Active','Super Admin','2024-06-06 11:42:23','2024-06-06 11:42:23'),(30,'Ganesh','bahu@gmail.com','$2b$10$yMzPlR0LO0MzmjDgAVXoIOvOuKcLXcK04zcaDmerFXJX7HQUicllK','5555566666','123 Main St','Active','Super Admin','2024-06-06 11:42:23','2024-06-06 11:42:23'),(31,'Ganesh1','bahu11@gmail.com','$2b$10$3DKagKWLIr8I1f6BQijN2.OrN3bwdSbYeJ3fYM9X9NGM7ONFl4K2S','5555599996','123 Main St','Active','Super Admin','2024-06-06 11:42:23','2024-06-06 11:42:23'),(32,'Ganesh1','bahu111@gmail.com','$2b$10$OCoTczUHFKVd0tKEbws/b.onQHWkpi3kxVjQhs609Ir7ILMh/nb1S','5555599991','123 Main St','Active','Super Admin','2024-06-06 11:42:23','2024-06-06 11:42:23'),(33,'Ganesh1','bahu1111@gmail.com','$2b$10$IP5pi11awYi1mHBxaVepN.VUNtLE6DNEIc3r1dlVPmnAow6xY4vl6','5555599922','123 Main St','Active','Super Admin','2024-06-06 11:42:23','2024-06-06 11:42:23'),(34,'Ganesh1','bahu2@gmail.com','$2b$10$Xtb/v3py/0K7OW367x6LCulK7TB9ROLgbugutzOVs4ZombEDGBx7K','5555599333','123 Main St','Active','Super Admin','2024-06-06 11:42:23','2024-06-06 11:42:23'),(35,'Ganesh1','bahu22@gmail.com','$2b$10$9F3lIyipmAiNhdf3ITaOk.2f64o4m9ngkTKDNKTt9PD89XxZXQ/Uy','5555599344','123 Main St','Active','Super Admin','2024-06-06 11:42:23','2024-06-06 11:42:23'),(36,'Bahu','bahu33@gmail.com','$2b$10$RLKxb528qCBDuy4JWKaH2efB3iVRzF9ZU0P8au/V4bgpl9OhUJ95W','1111199999','123 Main St','Active','Super Admin','2024-06-06 11:42:23','2024-06-06 11:42:23'),(37,'Yashhhhh','yashhhhh@gmail.com','$2b$10$NwBsbFv0X4xrN2LntiTl2O5I6IfKoJnIuSDhK4fBuhiW.0Cq3kFzy','2525253333','123 Main St','Active','firm_user','2024-06-06 11:42:23','2024-06-06 11:42:23'),(38,'Sayali','sayali11@gmail.com','$2b$10$/SU7nm6XHRw2rlV8hPONd.JKAVtbZoRgbweR8lq3zDc0ahZc73ePK','2121213333','123 Main St','Active','firm_user','2024-06-06 11:42:23','2024-06-06 11:42:23'),(39,'Akhilesh','akhilesh111@gmail.com','31404b1bd07c6ec921fdcb56271a9710:a2fe0ee326b7d984aa17095bf3f63a29','21212133333','123 Main Stdd','Active','Super Admin','2024-06-10 09:56:06','2024-09-05 12:49:07'),(40,'Sayali','sayali1111@gmail.com','$2b$10$aIUfwA2O7DB682uVsOwXrOzmQcDEauZ31YnzKUh13YZ4SHXsxZqIq','212121333333','123 Main St','Active','Super Admin','2024-06-10 10:50:08','2024-06-10 10:50:08'),(41,'Rushikesh raut','rushikesh.tekhno7879@gmail.com','$2b$10$85/QRi1PmdjaME.ANbLaoOQx2.xtnCbis0BSwB1uV.hZDXyNm0lEm','7894561237','sdvsd','Active','Super Admin','2024-06-10 12:08:14','2024-06-10 12:08:14'),(42,'dfsdf','dsfsd@gmail.com','$2b$10$iyI7BbywH6wkZGtPVHAyAuomgD3ndHdKXB5Ap7Jpx2uVQjzZBuw7.','4561237895','sdas','Active','Super Admin','2024-06-10 12:09:55','2024-06-10 12:09:55'),(43,'Rushikesh raut','rushikesh.tekhnologia456@gmail.com','$2b$10$rR72.QwkRPzIYspaJ5l5.uMDqgTgjH33LXqvEDJgpFHYkBM4vQSyG','7894561234','hbsdvsd','Active','Super Admin','2024-06-10 12:11:07','2024-06-10 12:11:07'),(44,'Rushikesh raut','rushikesh.tekhno1112@gmail.com','$2b$10$Ebx7Hx8mf.b6UhriA/87hOCT4FB4jEhFoU4UNv3woT7XOzG.91NGe','7987212213','dcasd','Active','Super Admin','2024-06-10 12:51:45','2024-06-10 12:51:45'),(45,'vxcv','zdcx@gmail.com','$2b$10$V24k4aUSoC6sGNjOtpo4Qe6AtZAaBTJDb42ptqTtvepSTm21IiYr6','78954665','zxczxczx','Active','Super Admin','2024-06-10 12:55:44','2024-06-10 12:55:44'),(46,'czxc','xczxc@gmail.com','$2b$10$817yOt2ex3WMSBtfCNBR1.gtafg0ypuhCQCwab8BKxRWHJaGmlJ4.','87895456516','scxxzcz','Active','Super Admin','2024-06-10 12:56:14','2024-06-10 12:56:14'),(47,'fvsdvc','adc@gmail.com','$2b$10$xdQgu1IOeF4OrW.snhtYU.7jumvANS/.mMfSZglmXCoumwd/5vgYa','789456132','uasbdxs','Active','Super Admin','2024-06-10 12:58:36','2024-06-10 12:58:36'),(48,'dcxa','newRushi@gmail.com','$2b$10$vgtLD37wyvymYC5swbHsue7CQP3UmG5sy9RZ/V3huYHawxvfOyN3y','871246532','ascsxczd','Active','Super Admin','2024-06-10 13:03:18','2024-06-10 13:03:18'),(49,'scsdc','rushikeshrautabk122@gmail.com','$2b$10$fMI769tiF4FRxBW8Cjn5Ou8llNP/IlhWUAV7J9gXkP87ORcQvy8qy','413313151','scascxasc','Active','Super Admin','2024-06-10 13:04:21','2024-06-10 13:04:21'),(50,'RushiMR','rushimr@gmail.com','$2b$10$smNxbH6.X3BBdt26xl6fZuFY05hZJw6W7j/S4Em2988G9a53y1fj6','1231234562','hbdcd','Active','Super Admin','2024-06-11 06:05:23','2024-06-11 06:05:23'),(51,'Sujit Auti','sujit77@gmail.com','$2b$10$iV0NIqfWRrgYPsZiPhCTN.Xu7xE2AOnpbWGF8KZJfNcaQrOD/w6YO','15864655456','Aundh, Pune','Active','Super Admin','2024-06-17 10:06:25','2024-06-17 10:06:25'),(52,'Dilip H','diliph@gmail.com','$2b$10$9edINkLjD6f0kEPAbnV0yebN3RlhlzDVkQKOTuKHSOXOzGDRoR.PK','7894561235','Washim','Active','Super Admin','2024-06-26 06:16:08','2024-07-18 11:09:31'),(53,'Jane Doe','jane.doe@example.com','$2b$10$607R6Ga5LVwN54XA/GeuBuiXfFqyKUZA2Df4f9zP7TXuGctbcZ5RG','9876543210','456 Main St','Active','firm_user','2024-07-06 12:13:59','2024-07-06 12:13:59'),(55,'Maa ki chu','makichu@example.com','$2b$10$P3I13swUWY1HXKhjOrfWR.F3b/44y9vZV/AU/bInpLwt2P5hbgUba','2522521463','456 Main St','Active','firm_user','2024-07-06 12:26:39','2024-07-06 12:26:39'),(58,'Sayali','jane.doe@example.co','$2b$10$98htH6kfLEDbZBN3.QSVYO2sLRak8jPwHgnxZkujTPtP/s6ekuxNq','987654321','123 Main St','Active','Super Admin','2024-07-06 12:38:51','2024-07-06 12:38:51'),(59,'RushiBhai','rushibhai@gmail.com','$2b$10$Md6yolWKCNTjZALyNmvi/.vckGBpi2o2ykzZimZN3egntcXBUEsrK','6775765676653','Punehj','Active','Super Admin','2024-07-08 05:58:47','2024-07-08 05:58:47'),(60,'YashMama','yashmama@gmail.com','$2b$10$lkaWs2ewwvsZCKel4sH.x.IkDOPJtIFKfpc/Dm3svzlz69iIWfLXq','45678912305','123 Main St','Active','Super Admin','2024-07-08 06:04:01','2024-07-08 06:04:01'),(61,'Jane Doe','janemanja@example.com','$2b$10$jFuJnneMOOlT8b8yFwzdsu3R/fI830T4VRUt9YxghJH3cynseUGHa','51255121153','Kachuhcu','Active','firm_user','2024-07-08 06:19:39','2024-07-08 07:31:24'),(66,'Jumanji','jumanji11@example.com','$2b$10$/e28J7u.zMv2L.kiQTUC3evDxSrlmHpwGnxcja0Iv9wHm70CmwBhe','64551845131','Shirpur','Active','firm_user','2024-07-09 13:15:47','2024-07-09 13:15:47'),(67,'Jumanji','jumanji33@example.com','$2b$10$rWTws3pLhbOST.8TFNWcLegPP23bcpyNa2fVGVxFtxL3ao8joJ9QC','645651845131','Shirpur','Active','firm_user','2024-07-09 13:16:12','2024-07-09 13:16:12'),(68,'Shilpa kumar','shilpa@gmail.com','1e0b6bae48f6dc21e715ca84a1a9c66a:f2865b4a7f5e5091e1af2084263b4961','9879855113','123 Main Stdd','Active','firm_user','2024-07-10 05:44:16','2024-09-05 12:47:24'),(69,'Masaan Mhalunge','masan@gmail.com','$2b$10$xo7SQgk8KYK6yYqRfxZSOe1WiCT9YCuTCaC9nLGwnj38WvT3lnSOu','656444456456','Washim','Active','firm_user','2024-07-10 05:51:29','2024-08-09 06:47:29'),(70,'Kamal Hasan','kamalhasan@gmail.com','c010fcd5da8b497e0a1f9b317844670c:e7f90d33b1593ea0c4b406c371d4607a','5645644466','123 Main Stdd','Active','firm_user','2024-07-10 06:59:21','2024-09-05 12:58:27'),(71,'Amitabh Bachhan','amitabhb@gmail.com','$2b$10$8zU09YhsnjN/TFdt9oFeGeLxFSczLRyx9Ic.NIQRkdyXbunExTFuy','8974846456','Akola','Active','firm_user','2024-07-10 09:51:18','2024-07-10 09:51:18'),(72,'Aishwarya Bachhan','aishb@gmail.com','$2b$10$PxqQQVd34MFj5ZojNxrTpu7R1a70qwIQjbdNDe7l33XoG3bHe3U6G','546564565656','Shegaon','Active','firm_user','2024-07-10 12:54:56','2024-07-10 12:54:56'),(73,'ggbb','ddsvd@gmail.com','$2b$10$2wCeIzZNt5M32qNSc9rCu.bnON0bXL9K4YTpAMRTeUzGMF8Bv94QW','12315','Ooo','Active','firm_user','2024-07-10 12:56:39','2024-07-10 12:57:21'),(74,'Rajaram Ram','rajaram@gmail.com','$2b$10$iId1he42G5XaPFlzxCqdmO5sFG5.ZV/qT7VXNRlS0sW8lsad.1y2O','5465133121','Dhule','Active','Super Admin','2024-07-11 07:08:41','2024-07-11 07:08:41'),(75,'rajkumari','rajkumari@gmail.com','$2b$10$nke6DJh2v36MWaToj16HeuTtm1eK/rztO6bR6cvI1pGpCLZiLtSFS','9898984545','pune','Active','Super Admin','2024-07-11 07:20:36','2024-07-11 07:20:36'),(76,'john','john@gmail.com','$2b$10$8DHXLnsxzwH94iiWSGaLRePIfbSZTezBMVuocv83C8xhFcHjqwE9q','3333333333','pune','Active','firm_user','2024-07-11 09:41:01','2024-07-11 09:41:01'),(77,'Alu Matar Firm Pvt Ltd','alimatar@gmail.com','$2b$10$m81.m.ktXFRc1by78/VaCuyZWARWXJkZuzQKJBnCA3airN76pnnNC','53646531546','Yawatmal','Active','firm_user','2024-07-11 09:56:59','2024-07-11 09:56:59'),(78,'Dadaji','dadaji11@gmail.com','$2b$10$LjmMJAcBNA8dtHrWEJqQGO1rFszXDi8VKhoBVgiT2EUzy1XVAkXbO','5486456131','Warje, Pune','Active','firm_user','2024-07-11 10:50:15','2024-07-11 10:50:15'),(79,'Tara Sutariya','tarasuta@gmail.com','$2b$10$GkaKtpk7CO0NGMwD4ci27uk22mCuuw99FFtkRtxM4jphG0a3vLyIe','2156446451','Warje, Pune','Active','firm_user','2024-07-11 10:53:55','2024-07-11 10:53:55'),(80,'takaluram','takaluram@gmail.com','$2b$10$rVYu00aQn79HFd4rczNzRuUPRjvS/NGAfOyJOck1KvUJJjGHcbZdq','6767676767','pune','Active','Super Admin','2024-07-11 12:14:58','2024-07-11 12:14:58'),(81,'Nikhil patil','nikhil@gmail.com','$2b$10$q0v8JgKG7yip/0Z.9PKYOeAl82D7enTYLJbZH2xCxJuHLoz2xlFOO','9812321234','pune','Active','Super Admin','2024-07-12 05:29:27','2024-07-12 05:29:27'),(82,'krishu','krishu@gmail.com','$2b$10$N8xjU/WOtBWKJ0rkFobXnuhepTq.4AshOTE084ZGomGuhI.RgYv1O','9956342567','pune','Active','firm_user','2024-07-12 06:51:11','2024-07-12 06:51:11'),(83,'mina','mina@gmail.com','$2b$10$MggoISc3iVj2vIihaa/NnuCAxvR6whZgC4ldighH7vteR6XlBhStm','8756765434','pune','Active','firm_user','2024-07-12 06:51:47','2024-07-12 06:51:47'),(84,'rajkumar bacchan','rajkumar@gmail.com','$2b$10$bkLYiU58ojqMoEKFV3eg8.asL.Yq/kAbYjyfL2zqOkGvPSyyNDmH.','7878787878','pune','Active','firm_user','2024-07-12 09:24:23','2024-07-12 09:24:23'),(85,'Ashu Wadewale','ashuwade@gmail.com','$2b$10$SEfoZnzg23tvkrJ4OO//xuqJEK3TimrTwVvMqCceDqTk40B6eQc0q','879465413','Washim','Active','firm_user','2024-07-12 10:39:12','2024-07-18 07:08:42'),(86,'Shailesh Kale','shailesh@gmail.com','b15178c3d8a8db80570a2d514517ec01:97261a5f45e748d50ad2e41a6eaf0a1c','98798551131','123 Main Stdd','Active','firm_user','2024-07-12 12:22:46','2024-09-05 13:00:42'),(87,'fffff','sayali85@gmail.com','$2b$10$lvkVJQAUwMiGKTKfyKPm2ueBrJBhF67vViM/T4eFkg1XmTcsQ1/36','514615151','adsfdfd','Active','Super Admin','2024-07-15 13:18:40','2024-07-15 13:18:40'),(88,'sdfds','ddesfsd@gmail.com','$2b$10$TBd94y3ihuomaFRqM6v/dOihW5z33gVt6sHZkmJSBsJ3/2sLJL0nG','5315311','dcdcdc','Active','Super Admin','2024-07-15 13:21:42','2024-07-15 13:21:42'),(89,'ffdgf','fsdf@gmail.com','$2b$10$uAcHvMrQfl13H0IhhSCMROnDvcdleORMIp6dVuqtwtZ0nqYrizhOi','245313','dfdfdf','Active','Super Admin','2024-07-15 13:22:19','2024-07-15 13:22:19'),(90,'dfsdf','ssmjg@gmail.com','$2b$10$eyAqnvioKqzIz6b0ldYMHugT9SqP.nfXP7oZInorMtd4irfc7dPv6','dfdsfdff','dfsdfd','Active','Super Admin','2024-07-15 13:23:15','2024-07-15 13:23:15'),(91,'tawade','AD@GMAIL.CO','$2b$10$cy7k9mawUBqFxRqu4.k.E.CtqEcnvIH/8Kv2Li2lpUDIIEKva/q6C','9966335512','','Active','Super Admin','2024-07-16 13:16:15','2024-07-16 13:16:15'),(92,'dada re','dadare@gmail.com','$2b$10$mqe2.R6ALDaowiYAWQ.4Be5jskS1KjCLaLwoCqjSRsnSaEzXC8vW6','1521654512','ee','Active','Super Admin','2024-07-16 13:16:54','2024-07-16 13:16:54'),(93,'xs','sa@gmail.co','$2b$10$BgeEHTN0t2ZpJqILVA/p.uLao9RVdgTBqpcghS7wpwSgBHJEtIZ.2','3248946515','AMRAVATI','Active','Super Admin','2024-07-16 13:23:16','2024-07-16 13:23:16'),(94,'sx','saxs@gmail.com','$2b$10$6L0JJyooT4MVs6UdWFXLEuXnOhG.Dw0Kl9A1vP.gAXtLV7tk66Wpy','6548985113','sacs','Active','Super Admin','2024-07-16 13:30:55','2024-07-16 13:30:55'),(95,'casc','dv@gmail.com','$2b$10$MZcMXQO6SG2PmIkc61G/Lu36uI6J8SF57McGdZn6LgRB.kptvoOte','2463555533','AMRAVATI','Active','Super Admin','2024-07-16 13:39:39','2024-07-16 13:39:39'),(96,'casc','ynbvsc@gmail.com','$2b$10$G0RErNg.drrDK0apuPoI9OJGo9KcM5gQUCynQZIchbn5Q4hPtEhhG','6548941113','AMRAVATI','Active','Super Admin','2024-07-16 13:41:26','2024-07-16 13:41:26'),(97,'sasdcasc','wefcc@gmail.com','$2b$10$nLskiB1kEbegvxCkkiFbQe18EGVMe91BksJ6eYEOQuC5AYIMyero2','1351456456','AMRAVATI','Active','Super Admin','2024-07-16 13:42:10','2024-07-16 13:42:10'),(98,'axAX','axAX@GMAIL.COM','$2b$10$yFtad3u85aeqgdOWW9BMP.XHDGA0VcZTg4S5aopmuWsKpcsXUNJFe','2315464651','AMRAVATI','Active','Super Admin','2024-07-16 13:43:25','2024-07-16 13:43:25'),(99,'Thakur Pratap','thakurpr@gmail.com','$2b$10$dA4AXmJ2TWGO/iCvR2LfwunOHvkh5ALMN4ad56s.JQA7DsbiUG41a','9468656561651','AMRAVATI','Active','firm_user','2024-07-18 07:40:31','2024-07-18 08:03:53'),(100,'Rushikesh','rushikeshr@gmail.com','$2b$10$O5T1YhSdZiCvF.pol6MM5uMRGlsKzrHg7xWeNFYsFXzjRFSrkUq7K','54894613513','AMRAVATI','Active','firm_user','2024-07-18 11:13:09','2024-07-18 11:13:09'),(102,'Dilip Heda','dilip33@gmail.com','$2b$10$lpV5axycYt6jL7pbhQa72e8JBzgn1LhLmt.vST0b7Gou3axUJrwuW','1556844556','Washim','Active','firm_user','2024-07-18 11:15:47','2024-07-18 11:15:47'),(103,'Dilip Heda','dilip44@gmail.com','$2b$10$ZLdp23ukNxHEV6kby1IHmeKB/sHZk/OZNHJxIZ45.u0EXee0OPN/S','5156441313','Washim','Active','firm_user','2024-07-18 11:16:26','2024-07-18 11:16:26'),(105,'Rushi kadam2345#@','rushi@gmail.com34#','$2b$10$don43.lzgN0jdejKIsHu/OO3DAM71LuunoHYs58btfRX54Q.o6NW2','8767898787dfbg','765997sfg','Active','Super Admin','2024-07-19 05:21:44','2024-07-30 05:26:30'),(106,'Kartik','viresh@gmail.com','$2b$10$g7i4EMrdvz4V7Vw4csfwaeQXn8XWSWKVJXwthnnwr3Whv6g2Yl2Be','8767890977','Pune','Active','Super Admin','2024-07-19 05:35:27','2024-07-19 05:35:27'),(107,'SASA','S@gmail.co','$2b$10$u3ZmxqHzggijctZR4ePqNOVYXbFgWjVGZyYQ6b8z85ABYsd1psZIO','43334','4rd','Active','Super Admin','2024-07-19 05:48:02','2024-07-19 05:48:02'),(108,'22333','rushikesh@gmail.com','$2b$10$XMeSlqdSUbH.4OwQK6wO/.FWhiPr7vmCbBU4KkMeMtJ78JaTpqFjO','sdfvsdfvsfv','Pune','Active','firm_user','2024-07-19 05:48:39','2024-07-19 05:48:39'),(109,'sdas','fgc@gmail.co','$2b$10$0Rlxo2rmmt8LZait1lHPm.yn0Fd3UN/iYbRo.Yqsja8zYYEyLdKUW','454545454','BHJ','Active','Super Admin','2024-07-19 05:50:34','2024-07-19 05:50:34'),(110,'Vinay','vinay@gmail.com','$2b$10$8VhVVdVsVVAu13iW2wM3P.VM2H/qOiH0Kh/4AmRlhN29mCEQ7s6e.','dfgbdfhwesdfgs','Pune','Active','firm_user','2024-07-19 05:58:54','2024-07-19 05:58:54'),(111,'GVGH','dgg@gmail.co','$2b$10$efGAvXh9C.a64MNUD1Z6deobNFNL8PdL7bxWbOxPaGvgWZXTDG6BO','6756557576','vbnbv','Active','Super Admin','2024-07-19 06:12:06','2024-07-19 06:12:06'),(112,'Sujit','sujit@gmail.com','$2b$10$m.v1y99.qz8TCYSyT/6K3.t/YF8hViiL0evlpEW7INmFJGqCPiEbK','7667787656','Pune','Active','firm_user','2024-07-19 06:16:22','2024-07-19 06:16:22'),(113,'Justin','justin@gmail.com','$2b$10$SFWRyd.rE8XrRbPQ93jlreBgZm8vCrHCXjRBYIwEAYbgiw.GBLVN2','8776788987','Pune','Active','Super Admin','2024-07-19 11:22:59','2024-07-19 11:22:59'),(115,'Champu','champu@gmail.com','$2b$10$NLQH3o8VJtkplP6i701PgeY9pEBDW1qNdDbIbfsfrgbt03AyBk/3C','654533446','Fg','Active','firm_user','2024-07-19 13:58:32','2024-07-19 13:58:32'),(116,'Kartik','kartik@gmail.com','$2b$10$JLhy1jT9k3jUAXB0hYTjQ.wt9MqXsuidxd7/iIm67zScmWW1125Yq','87787678978','Pune','Active','firm_user','2024-07-22 06:44:06','2024-07-22 06:44:06'),(117,'Akshay','akshay@gmail.com','$2b$10$ed6wKPHZy9Y31ZvmSISFc.bR8vk93w8g.aD6HrdvV9kmkBhO1BYHu','346355487678','Pune','Active','firm_user','2024-07-22 06:45:32','2024-07-22 06:45:32'),(118,'s','gg@gmail.com','$2b$10$afyYvwb9bId9.sjE/G5yZuFeiZGYePzDyqv43/1Xq4y5e5eAFriNi','1231232222','AMRAVATI','Active','Super Admin','2024-07-22 11:24:50','2024-07-22 11:24:50'),(119,'y','d@gmail.com','$2b$10$ks8N5jq1H85NuyE59qrOD.q1Myzum4fo2aj80nIF5k.PGIBpcRn0O','4545454763','AMRAVATI','Active','Super Admin','2024-07-22 11:40:35','2024-07-22 11:40:35'),(120,'xc','dsa@gmail.com','$2b$10$ur5DYNzDNYbFvEt8uZIbd.ADGprUhLQsUMN2fZqpoOYyCiiZMeU3S','1165468465','AMRAVATI','Active','Super Admin','2024-07-22 11:41:30','2024-07-22 11:41:30'),(121,'ss','fgT@gmail.com','$2b$10$UozrTuXH8bE22CBLos2MZOci7.TytjCt62T9qwwpbWLaB6DkeVKDu','3434333333','AMRAVATI','Active','Super Admin','2024-07-22 11:44:05','2024-07-22 11:44:05'),(122,'ff','dd@gmail.com','$2b$10$ScURmhGX7BYljVKtndmpguX1mTrNuZ5/vfzH7D1IXzUGX0vgPcZvK','1231234566','AMRAVATI','Active','firm_user','2024-07-23 08:03:06','2024-07-23 08:03:06'),(123,'ss','sd@gmail.co','$2b$10$ErYbxxKJUvXCEA8azGEmpuWZFTDWbP0/A1uS9cbFPnVJKqCsyON6a','1231113665','AMRAVATI','Active','firm_user','2024-07-23 08:12:31','2024-07-23 08:12:31'),(124,'asdcsa','dc@gmail.co','$2b$10$gxsjWGRo4uDkay7aj8CidO8kNW57QrTGNzp5QLLIkwSpAgMWctC5K','5645645632','AMRAVATI','Active','firm_user','2024-07-23 08:13:10','2024-07-23 08:13:10'),(125,'Dilip Hedt','aszx@gmail.com','$2b$10$m1CJMUjF/juLb90uudr4be2QRuvp6Kk7xhVsLCKYeQbm0Vlu3OVs6','2323232323','esfsff','Active','firm_user','2024-07-23 09:51:28','2024-07-23 09:51:28'),(126,'sxasc','ssa@gmail.co','$2b$10$LAxZ88f7H63AUoqtlFrMoeytiL.wRqayJjk1/gSI56ntYSRS2eO6q','3665324333','AMRAVATI','Active','firm_user','2024-07-23 09:56:34','2024-07-23 09:56:34'),(127,'xss','sas@gmail.co','$2b$10$2NwnOorj/dYmfbHQTUytROjjQTIWNzyXTb2SOb6Yk57rpXvp8QHNC','5765656667','AMRAVATI','Active','firm_user','2024-07-23 09:57:54','2024-07-23 09:57:54'),(128,'sacsc','asc@gmail.com','$2b$10$Qgl0NEAE801lLaQTCg1rcOsAr8FzntZ.Ua9MTXyDKgS5rNGmimpAC','4545465344','AMRAVATI','Active','firm_user','2024-07-23 09:59:54','2024-07-23 09:59:54'),(129,'sd','dsv@gmail.co','$2b$10$L5ZMa3v69Dz07.kZ2Gg8Y.cG0w5I9oe7Rhor1t8StCdAsVMybQPQa','3443434444','W','Active','firm_user','2024-07-23 11:12:00','2024-07-23 11:12:00'),(130,'Dilip Heda','ssa@gmail.com','$2b$10$QpXWkO1vxLaU5jChFnqrBu4EzyCGGnCl56UJ2OSXJKHxPUYI71452','2435555555','a','Active','firm_user','2024-07-23 11:12:53','2024-07-23 11:12:53'),(131,'gh','xsc@gmail.com','$2b$10$0mLbB4Th8pRdYBi.3vM3fOg4Pl0IoVDqMl7jsIbjLxONrA41aobhm','4554545674','d','Active','firm_user','2024-07-23 11:25:03','2024-07-23 11:25:03'),(132,'Dilip Hed','dfv@gmail.com','$2b$10$7W/YqHc3roZwfj1NqjMnS.rhsYIwf0qIEZyRYdI0xD2q6nueEF0zO','3335355536','dd','Active','firm_user','2024-07-23 11:30:28','2024-07-23 11:30:28'),(133,'sdxr','dcfad@gmail.co','$2b$10$m42opoTBvdpfJG5x.3yqCOTebNigV0qFtM34QzUIX2tw768Vpv75y','2342343444','sd','Active','firm_user','2024-07-23 11:47:39','2024-07-23 11:47:39'),(134,'scs','sc@gmail.co','$2b$10$9dMN5Ify5EQ4wO6Loia5HeAO3Dc/XENen7qGGwFZPVeQj6jKso7La','5454444445','rf','Active','firm_user','2024-07-23 11:50:50','2024-07-23 11:50:50'),(135,'dd','fd@gmail.com','$2b$10$pF2QEVNAZo43HeS3y8pKm.XMX53ISRUdGkhYqnZD9dp.gVdUvrBSG','4664666666','gf','Active','firm_user','2024-07-23 12:03:36','2024-07-23 12:03:36'),(136,'jk','hbjh@gmail.com','$2b$10$6b8tdk9No.XPSMsOVvGesuyXzS61ZlJa.puzfjfYzQ5YKrtoQDVFa','4244423454','ds','Active','firm_user','2024-07-23 12:04:37','2024-07-23 12:04:37'),(137,'Jumanji','jumanj212@example.com','$2b$10$EHaTs8mCQhji9JcK2fC4QOVXzGZUy.bZVVP4AxjLHuCmvzWOffUbe','1122132','Shirpur','Active','firm_user','2024-07-23 12:06:36','2024-07-23 12:06:36'),(138,'cac','ghg@gmail.c','$2b$10$aSOdojomaqXALKemc0TMb.M3uzyoyZURzDdRDIVG7BCvEZfawaSOi','4345645342','AMRAVATI','Active','firm_user','2024-07-23 12:21:15','2024-07-23 12:21:15'),(139,'dcdcvds','sfsvad@gmail.com','$2b$10$zaP7qcKPt3ZqPvBL4MZ6muYJBih8w9HXO.Hfo/X.EPgLuqOGpXd62','4343555566','AMRAVATI','Active','firm_user','2024-07-23 12:23:28','2024-07-23 12:23:28'),(140,'dca','dasv@gmail.com','$2b$10$Z0xsgU0iEoHZ8Db/8Ya1veVou3JLgUtfD2hz4nm3bzNPa4TDvVGHa','4444457898','hj','Active','firm_user','2024-07-23 12:24:50','2024-07-23 12:24:50'),(141,'ssxs','dda@gmail.co','$2b$10$tqSbLVBa0Ye6AsqTskh7FefhnKQ/XK3PDmilC7MwwwrMuajZP1cx2','4566655664','hggh','Active','firm_user','2024-07-23 12:31:00','2024-07-23 12:31:00'),(142,'dcn','fbyt@gmail.com','$2b$10$rc.EGe5hW6hRlKK0Ly9O9eyxOOmqTFIlVZ.JESmfl4iU2Cv4hjLom','3253453555','4tvd','Active','firm_user','2024-07-23 12:37:24','2024-07-23 12:37:24'),(143,'as','sxc@gmail.co','$2b$10$DubI8I3XEXC6RpB0ci6w8eJnYWJAthLBtW1w9iqR36J3S8rneK.Au','3434434456','4','Active','firm_user','2024-07-23 12:37:48','2024-07-23 12:37:48'),(144,'Roy','roy@gmail.com','$2b$10$tywTJ/4q6BEWEpvthLLCh.ezn1bBHsCQlT7MjkUom7Osf616n9TY.','7876676567','','Active','Super Admin','2024-07-24 07:10:57','2024-07-24 07:10:57'),(145,'Johnny','johnny@gmail.com','$2b$10$a.DpGXeaxL7Vb0b7ZTLbduwoJaC9dj2C/gkhyrx/SsJn7acKfNolC','5367688986','Pune','Active','Super Admin','2024-07-24 07:14:02','2024-07-24 07:14:02'),(146,'sxa','sxjnj@gmail.com','$2b$10$ixjmkqRAMtU5OLbaZ7hFHuZ8AKuII3op0JsiYjCWswMeQUjliW61C','4564634646','sjxhs','Active','Super Admin','2024-07-24 08:02:37','2024-07-24 08:02:37'),(147,'James','james@gmail.com','$2b$10$O19j5UYz6XPPcCeE.1nJiuyRtKN5BeJDEdG/Nc1u2IPZi2xOD/NBy','5676897865','Pune','Active','Super Admin','2024-07-30 05:37:26','2024-07-30 05:37:26'),(148,'Dilip Heda','dilip@gmail.com','6c6f946ea256de470f04021c73abce51:b53433a763c5706d3662be8878a08c41','7852364199','Washim','Active','Super Admin','2024-07-31 04:46:56','2024-09-05 13:07:02'),(149,'Rupesh Khillare','khillarerupesh@gmail.com','021652c90047fe306a771ee099e5a2f2:340c8eb6252d9c3756e9543483d6c46b','7844551155','Pune','Active','firm_user','2024-07-31 05:36:27','2024-09-05 13:10:30'),(150,'Rohit Heda','rohit@gmail.com','10f7753c2c6303bfe107efa693f477bf:ade24e0381b683767a0962e29d76108d','8854123232','Washim','Active','firm_user','2024-07-31 05:38:25','2024-09-05 13:08:55'),(151,'Ankush T','ankush11@gmail.com','$2b$10$hK5t6LZeiC3TvuyOzNvdhOzVY9zcpeKSNEMMw.9E.5oufio6DCtPS','5451151533','AMRAVATI','Active','firm_user','2024-08-03 05:43:43','2024-08-03 05:43:43'),(152,'Pathak','pathak@gmail.com','$2b$10$oH.PW3IWjFdNbFdCq7TK9eX5Y3hT66lfYX9EXo.JPxDU0hvbRWkZW','8676456787','Aundh','Active','firm_user','2024-08-03 05:56:20','2024-08-03 05:56:20'),(153,'Dipli Heda','lab@gmail.com','$2b$10$foQRHruWx6b2ebrO9CSkHuRzuq3pRaR0kXLYsgAp66E5uHFWZfX8u','7875667889','Pune','Active','firm_user','2024-08-03 07:27:27','2024-08-03 07:27:27'),(154,'Akshay ','Akshay.tekhnologia@gmail.com','$2b$10$yW9dIoB8UOxFQyjdXt1HguNhr6NxNsbnG1zgvCkwZH5PpMRXAr8CS','9503633483','Pune','Active','Super Admin','2024-08-03 08:00:23','2024-08-03 08:00:23'),(155,'hghj','gfh@gmail.com','$2b$10$b6uAoZ5f9hfIE7wCl/CJj.B.9fheC6REntdYIV30jGroq/2cnoRki','9879855122','AMRAVATI','Active','firm_user','2024-08-03 08:09:35','2024-08-03 08:09:35'),(156,'Victor','victor@gmail.com','$2b$10$sGIQVG4kRu6h357VJaxrKuizVza2i7AKyHcBSa.pZipLbXyKrGESS','7656237815','Pune','Active','Super Admin','2024-08-07 09:39:14','2024-08-07 09:39:14'),(157,'Sahebrao Dada','Sahebrao11@gmail.com','$2b$10$yL0zQcpjmfKS8tPhV9ij1O9Ma8kVX4D0F28P8LGJm6nr9IkhEDF0C','5654565451','AMRAVATI','Active','firm_user','2024-08-14 07:03:11','2024-08-27 12:22:10'),(158,'Raju','raju@123gmail.com','$2b$10$uk5k1LrYIRRkjDgf2jlwa.IlQqOXTiPnOOMGCNsnqtZ5dPRZHBMeC','9309986652','Katraj, Pune','Active','Super Admin','2024-08-14 07:15:57','2024-08-14 07:15:57'),(159,'Net Protector Man','net@gmail.com','$2b$10$bCVC8SVZ7HgNv8ZVTOA/D.CXdlrt.wTZapPadiMSjIQXZVTt86bu2','8673948736','Bavdhan','Active','firm_user','2024-08-16 06:40:47','2024-08-27 13:12:33'),(160,'Quick Heal Man','quickheal@gmail.com','$2b$10$hUZ2LdzLsb1nuftITdHn2ezFwmSjF8tVNhSPoxlz81zZnZu9uvaey','5256665522','AMRAVATI','Active','firm_user','2024-08-16 11:41:44','2024-08-28 10:33:44'),(161,'nfngn','gngfn@gmail.com','$2b$10$X5T.3Xy5q8DtbMhcAo//YeZ4zCZQILQ6rt/y6KLt1ALQJwD.AwhdC','3212132131','123 Main St','Active','Super Admin','2024-08-27 05:34:51','2024-08-27 05:34:51'),(162,'Lalu','lalu@gmail.com','$2b$10$98yhQ3rTzACYxI6MYyOVjuamjnECW5SpclrbUHU7oawuiQd70WeKa','2315153121','AMRAVATI','Active','firm_user','2024-08-28 06:20:05','2024-08-28 06:20:05'),(163,'jjji','jjji@example.com','$2b$10$8ZynmxpoWTa5V4PwXCeVjewOTW8kptYBCGJmO8jj0RyPziLOlxfjK','2123123555','Shirpur','Active','firm_user','2024-08-28 06:22:24','2024-08-28 06:22:24'),(164,'pizaa','pizza@gmail.com','$2b$10$klWHKa94bLy/6q0X71GpS.xiyoYcUs0pSk5kU8t2wPfBywyBVmEaO','6578515856','AMRAVATI','Active','firm_user','2024-08-28 06:37:19','2024-08-28 10:39:17'),(165,'kak','kak1@gmail.com','$2b$10$pHxt1BST9iiIkANgixZIeejUdUs1cygoP7CL.sMpG7.SHQCQzlE6K','5482377777','AMRAVATI','Active','firm_user','2024-08-28 06:38:22','2024-08-28 10:34:20'),(166,'ppp','ppp@gmail.com','$2b$10$uWZH0iCgcJSJt2HrWWmGNe7gb6b4t37SNIEIW25lppOOzqbpMSVty','5644158777','AMRAVATI','Active','firm_user','2024-08-28 06:39:18','2024-08-28 10:33:58'),(167,'dfg','dfg@gmail.com','$2b$10$.0DDBIRo/e3fGqKPE6j6S.uijPbcge1gw8B8ia1S6SXZNBLtOweie','9454558259','AMRAVATI','Active','firm_user','2024-08-28 09:45:21','2024-08-28 13:50:45'),(168,'Abhinavpande','abhinavpande@gmail.com','$2b$10$QR4Gboe9ZZVO8VCyohxWhO7AcsBbkYsrI77SkI3eOTyw8harEr0la','6633251212','High Street, Pune','Active','Super Admin','2024-08-28 10:06:27','2024-08-28 10:06:27'),(169,'Abhinavpande','ahinavpande@gmail.com','$2b$10$XnW6g1tAjO9dFbVAE1e4o.nPAYrUcvhUO/jwSSjMw.OxdOSdOUv4S','663325121','High Street, Pune','Active','Super Admin','2024-08-28 13:14:41','2024-08-28 13:14:41'),(170,'pla','pla@gmail.com','$2b$10$xnSaCFSbkIB2YkwJIhfguOU5S643W9zztyhNTwsk27CzGmwrKO0bW','6546458888','AMRAVATI','Active','firm_user','2024-08-28 13:47:12','2024-08-28 13:47:12'),(171,'kll','kll@gmail.com','$2b$10$Ut/hkyuZ8n/hIZkLDD.t3.78YqIza5onP0/sPwe0yN9hffcShGXRe','6546144779','AMRAVATI','Active','firm_user','2024-08-29 05:22:34','2024-08-29 05:23:11'),(172,'aaaaj','atttaa@gmail.com','$2b$10$TiIc7zgmz9uFh8vNlEDoR.hcN5wFO3QI9uRbK5aFsWLFYWMNv/gl2','8866774411','Near, Pune','Active','Super Admin','2024-08-29 05:35:32','2024-08-29 05:35:32'),(173,'Naya hai Vahh','newemail@gmail.com','$2b$10$aiEapHyDvJ67p47s2Dzwq.WTAxbB4qJIrPcEpQNkpBtdMd8fY.dRa','9988776611','Faaraway, Pune','Active','Super Admin','2024-08-29 05:38:45','2024-08-29 05:38:45'),(174,'gjdsj','aah@gmail.com','$2b$10$zmv83zbt7pmyXk6X.uk/2euAAGd.Cl6Zi.km.qf10lmCeSrMvdFhm','8767642223','hhgj','Active','firm_user','2024-08-30 05:47:25','2024-08-30 05:47:25'),(175,'Kartik Rangam','kartikrangamk@gmail.com','b884c6c5209b41b181c565638d304c89:eba8e5a2d6542740652f0e299398c1d5','8675787455','Solapur','Active','firm_user','2024-08-30 05:48:39','2024-09-05 13:04:28'),(177,'Kartik Rangam','kartikranga@gmail.com','$2b$10$gJSUHHA1DIUK47.fM4KUzefU18YNFjORvgmAv.HSyKCrEakLOLHT2','563423678425','ghhfh2','Active','firm_user','2024-08-30 05:49:19','2024-08-30 05:51:23'),(178,'Priti Tonde','priti11@gmail.com','265334add0e8c04d259972e7eb486761:0893c771f634504d941fc9a4d2915253','7687575650','123 Main Stdd','Active','firm_user','2024-09-03 11:10:51','2024-09-05 13:02:38'),(179,'kaj','kaj@example.com','$2b$10$JLOYEjbuXLWn0Acc9PzeQurY1uxFN61/xpqlTDd9qUsJVBrxKIqCK','231515122','Shirpur','Active','firm_user','2024-09-04 05:41:25','2024-09-04 05:41:25'),(180,'kaka','kaka@gmail.com','$2b$10$oMLNxvlbbOODdWBP4Mml3ef9jCGXraCkL8Rf2byy4D1qL.TSFPLvm','8541364567','AMRAVATI','Active','Super Admin','2024-09-05 11:30:26','2024-09-05 11:30:26'),(181,'mama','mama@gmail.com','aaf7976a9900a3d1848589c8800f70aa','5416722636','AMRAVATI','Active','Super Admin','2024-09-05 11:32:01','2024-09-05 11:32:01'),(182,'issa','issa@gmail.com','f1a24586ece1c3d06f689492c11f5c08','5641284566','AMRAVATI','Active','Super Admin','2024-09-05 11:36:35','2024-09-05 11:36:35'),(183,'papa','papa@gmail.com','1154074bc7b7252573531b477d690682:816a6ddfaeb57b02830c13f7efcd1c9d','2311322203','AMRAVATI','Active','Super Admin','2024-09-05 12:05:49','2024-09-05 12:05:49'),(184,'Shahanoor ','s@gmail.com','33890807a64ecaed1306b31ed9e31324:a15b22f4096557b267658c1f91b52feb','7744440000','Khandaka','Active','Super Admin','2024-09-06 06:15:25','2024-09-06 06:15:25'),(185,'jhhh','jhh@gmail.com','57824ec7aa2c5fbcb8293a7b86e396ae:e073565c4ccc32339060e17ef96fdcc8','4545751369','AMRAVATI','Active','Super Admin','2024-09-06 09:00:56','2024-09-06 09:00:56'),(186,'hgh','hgg@gmail.com','28e382dbc4a0b8cb88d42b24882f61dd:f07ded3c54b08ef356ef7842de6c57ae','5642396886','AMRAVATI','Active','Super Admin','2024-09-06 09:11:04','2024-09-06 09:11:04'),(187,'cvxc','cxxxc@gmail.com','de716515fb5d9676201a07d36e60fee7:3239c1992bb0b43e3f6a151de28071b2','8745245245','AMRAVATI','Active','Super Admin','2024-09-06 09:15:38','2024-09-06 09:15:38'),(188,'fbvdf','hgre@gmail.com','57cfc9dcb8303d677067a02bb73889f3:7eadd524d0eeb4dfb335b8a5ced1e515','3246845333','','Active','Super Admin','2024-09-06 09:23:56','2024-09-06 09:23:56'),(189,'jjkb','jaja@gmail.com','cd619f4afb106a4e87a8c934ef5242f0:eb0b78b8655ace32b8e2d3b4accb3024','9874561656','','Active','Super Admin','2024-09-06 09:27:24','2024-09-06 09:27:24'),(190,'ddsc','lwdjk@gmail.com','e9ee65dd98bbd22221233a39cb5b3a0d:c84654b2847ffd1b1cefcbdb7feadfd6','5648469884','','Active','Super Admin','2024-09-06 09:30:25','2024-09-06 09:30:25'),(191,'hjjh','koko@gmail.com','f3425628deac02a372033e94901288bc:f6786026481ccef53c66961ad528172d','2348948523','','Active','Super Admin','2024-09-06 09:31:47','2024-09-06 09:31:47'),(192,'kjjbjk','lplp@gmail.com','c033b758ae5bde5a86f3de7d257b93fa:4480ac17cef51a83ba42f6c151f39659','2156545878','','Active','Super Admin','2024-09-06 09:58:07','2024-09-06 09:58:07'),(193,'lppkk','kppk@gmail.com','cc3da25e8e65d7756c4887b871a28cf2:8c1532a0a1ec354f09b5fb8181d05be2','2343458632','','Active','Super Admin','2024-09-06 09:59:30','2024-09-06 09:59:30'),(194,'sefds','jkhkj@gmail.com','a2892930cb50ce6780a010ed20702874:00a1251dcc0910a4c0026e600d41e06d','8527419635','','Active','Super Admin','2024-09-06 10:01:27','2024-09-06 10:01:27'),(195,'Jhashi','jhashi@gmail.com','4023bf3f54e2e8e971bd8e920c17b9d5:11232e9262392a2f5a1563a4019b82f4','3936454551','AMRAVATI','Active','firm_user','2024-09-13 12:12:11','2024-09-13 12:12:11'),(196,'scs','dcd@gmail.com','358868910fae8b12ab159d84130c7fd8:bc6f8bedd940ef58d88a45f4134cc7f5','2351522223','AMRAVATI','Active','firm_user','2024-09-13 12:14:08','2024-09-13 12:14:08'),(197,'jhjkh','hjgh@gmail.com','9c274985b4e49ae454be915ac09f304e:d1cbaf10ed28622bcacd79d00e8b7908','2468633633','dgfdf','Active','firm_user','2024-09-13 13:28:27','2024-09-13 13:28:27'),(198,'kalaa','kaala@gmail.com','506e4b29f75085ee4471aef19ea9f416:7f4d16fba574e8cdd95fa8fe076d95f7','6548666656','AMRAVATI','Active','firm_user','2024-09-13 13:36:32','2024-09-13 13:36:32');
/*!40000 ALTER TABLE `tbl_users` ENABLE KEYS */;
UNLOCK TABLES;

--
-- Table structure for table `tbl_vouchers`
--

DROP TABLE IF EXISTS `tbl_vouchers`;
/*!40101 SET @saved_cs_client     = @@character_set_client */;
/*!50503 SET character_set_client = utf8mb4 */;
CREATE TABLE `tbl_vouchers` (
  `vhr_id` int NOT NULL AUTO_INCREMENT,
  `vhr_type` varchar(255) NOT NULL,
  `vhr_date` varchar(45) DEFAULT NULL,
  `vhr_amount` varchar(45) DEFAULT NULL,
  PRIMARY KEY (`vhr_id`)
) ENGINE=InnoDB AUTO_INCREMENT=4 DEFAULT CHARSET=utf8mb4 COLLATE=utf8mb4_0900_ai_ci;
/*!40101 SET character_set_client = @saved_cs_client */;

--
-- Dumping data for table `tbl_vouchers`
--

LOCK TABLES `tbl_vouchers` WRITE;
/*!40000 ALTER TABLE `tbl_vouchers` DISABLE KEYS */;
INSERT INTO `tbl_vouchers` VALUES (1,'payment',NULL,NULL),(2,'receipt',NULL,NULL),(3,'transfer',NULL,NULL);
/*!40000 ALTER TABLE `tbl_vouchers` ENABLE KEYS */;
UNLOCK TABLES;

--
-- Dumping routines for database 'accounting'
--
/*!50003 DROP PROCEDURE IF EXISTS `AddFirm` */;
/*!50003 SET @saved_cs_client      = @@character_set_client */ ;
/*!50003 SET @saved_cs_results     = @@character_set_results */ ;
/*!50003 SET @saved_col_connection = @@collation_connection */ ;
/*!50003 SET character_set_client  = utf8mb4 */ ;
/*!50003 SET character_set_results = utf8mb4 */ ;
/*!50003 SET collation_connection  = utf8mb4_0900_ai_ci */ ;
/*!50003 SET @saved_sql_mode       = @@sql_mode */ ;
/*!50003 SET sql_mode              = 'ONLY_FULL_GROUP_BY,STRICT_TRANS_TABLES,NO_ZERO_IN_DATE,NO_ZERO_DATE,ERROR_FOR_DIVISION_BY_ZERO,NO_ENGINE_SUBSTITUTION' */ ;
DELIMITER ;;
CREATE DEFINER=`root`@`localhost` PROCEDURE `AddFirm`(IN firmName VARCHAR(255),  firmgstNo VARCHAR(255), firmAddress VARCHAR(255), firmStatus VARCHAR(255))
BEGIN
    INSERT INTO tbl_firms (firm_name, firm_gstno, firm_address, firm_status) VALUES (firmName, firmgstNo, firmAddress, firmStatus);
END ;;
DELIMITER ;
/*!50003 SET sql_mode              = @saved_sql_mode */ ;
/*!50003 SET character_set_client  = @saved_cs_client */ ;
/*!50003 SET character_set_results = @saved_cs_results */ ;
/*!50003 SET collation_connection  = @saved_col_connection */ ;
/*!50003 DROP PROCEDURE IF EXISTS `AssignUserToFirm` */;
/*!50003 SET @saved_cs_client      = @@character_set_client */ ;
/*!50003 SET @saved_cs_results     = @@character_set_results */ ;
/*!50003 SET @saved_col_connection = @@collation_connection */ ;
/*!50003 SET character_set_client  = utf8mb4 */ ;
/*!50003 SET character_set_results = utf8mb4 */ ;
/*!50003 SET collation_connection  = utf8mb4_0900_ai_ci */ ;
/*!50003 SET @saved_sql_mode       = @@sql_mode */ ;
/*!50003 SET sql_mode              = 'ONLY_FULL_GROUP_BY,STRICT_TRANS_TABLES,NO_ZERO_IN_DATE,NO_ZERO_DATE,ERROR_FOR_DIVISION_BY_ZERO,NO_ENGINE_SUBSTITUTION' */ ;
DELIMITER ;;
CREATE DEFINER=`root`@`localhost` PROCEDURE `AssignUserToFirm`(IN userID INT, IN firmID INT)
BEGIN
    INSERT INTO tbl_user_firm (user_id, firm_id) VALUES (userID, firmID);
END ;;
DELIMITER ;
/*!50003 SET sql_mode              = @saved_sql_mode */ ;
/*!50003 SET character_set_client  = @saved_cs_client */ ;
/*!50003 SET character_set_results = @saved_cs_results */ ;
/*!50003 SET collation_connection  = @saved_col_connection */ ;
/*!50003 DROP PROCEDURE IF EXISTS `GetFirmUserDetails` */;
/*!50003 SET @saved_cs_client      = @@character_set_client */ ;
/*!50003 SET @saved_cs_results     = @@character_set_results */ ;
/*!50003 SET @saved_col_connection = @@collation_connection */ ;
/*!50003 SET character_set_client  = utf8mb4 */ ;
/*!50003 SET character_set_results = utf8mb4 */ ;
/*!50003 SET collation_connection  = utf8mb4_0900_ai_ci */ ;
/*!50003 SET @saved_sql_mode       = @@sql_mode */ ;
/*!50003 SET sql_mode              = 'ONLY_FULL_GROUP_BY,STRICT_TRANS_TABLES,NO_ZERO_IN_DATE,NO_ZERO_DATE,ERROR_FOR_DIVISION_BY_ZERO,NO_ENGINE_SUBSTITUTION' */ ;
DELIMITER ;;
CREATE DEFINER=`root`@`localhost` PROCEDURE `GetFirmUserDetails`()
BEGIN
    SELECT f.firm_name, u.usr_name
    FROM tbl_firms f
    JOIN tbl_user_firm uf ON f.firm_id = uf.firm_id
    JOIN tbl_users u ON uf.user_id = u.user_id;
END ;;
DELIMITER ;
/*!50003 SET sql_mode              = @saved_sql_mode */ ;
/*!50003 SET character_set_client  = @saved_cs_client */ ;
/*!50003 SET character_set_results = @saved_cs_results */ ;
/*!50003 SET collation_connection  = @saved_col_connection */ ;
/*!40103 SET TIME_ZONE=@OLD_TIME_ZONE */;

/*!40101 SET SQL_MODE=@OLD_SQL_MODE */;
/*!40014 SET FOREIGN_KEY_CHECKS=@OLD_FOREIGN_KEY_CHECKS */;
/*!40014 SET UNIQUE_CHECKS=@OLD_UNIQUE_CHECKS */;
/*!40101 SET CHARACTER_SET_CLIENT=@OLD_CHARACTER_SET_CLIENT */;
/*!40101 SET CHARACTER_SET_RESULTS=@OLD_CHARACTER_SET_RESULTS */;
/*!40101 SET COLLATION_CONNECTION=@OLD_COLLATION_CONNECTION */;
/*!40111 SET SQL_NOTES=@OLD_SQL_NOTES */;

-- Dump completed on 2024-09-18 10:15:13
